year,title,director,genres,rating,viewers,producer,total_sales,actors,genre_اجتماعی,genre_انيميشن,genre_اکشن,genre_بيوگرافي,genre_تئاتر,genre_تاريخي,genre_تخيلي,genre_ترسناک,genre_تريلر,genre_جنايي,genre_جنگ خنده,genre_جنگي,genre_حادثه اي,genre_حماسي,genre_خانوادگي,genre_داستاني,genre_درام,genre_دفاع مقدس,genre_دلهره آور,genre_رمانتيک,genre_روانشناختي,genre_زیرنویس,genre_سياسي,genre_عاشقانه,genre_فانتزي,genre_فلسفي,genre_فيلم کوتاه,genre_ماجراجويي,genre_ماجرايي,genre_مذهبي,genre_مستند,genre_معمايي,genre_معناگرا,genre_موزيکال,genre_هنري,genre_هيجاني,genre_وحشت,genre_ورزشي,genre_پليسي,genre_پويانمايي,genre_کمدی,genre_کودک,genre_کودک و نوجوان
1392,رسوایی,مسعود ده نمکی,"اجتماعی, درام, کمدی",3.3,15.0,مسعود ده نمکی,4082605000.0,"اکبر عبدی, الناز شاکردوست, محمدرضا شریفی‌ نیا",1,0,0,0,0,0,0,0,0,0,0,0,0,0,0,0,1,0,0,0,0,0,0,0,0,0,0,0,0,0,0,0,0,0,0,0,0,0,0,0,1,0,0
1392,هیس! دخترها فریاد نمی‌زنند,پوران درخشنده,اجتماعی,4.2,21.0,پوران درخشنده,3433614000.0,"شهاب حسینی, مریلا زارعی, طناز طباطبایی",1,0,0,0,0,0,0,0,0,0,0,0,0,0,0,0,0,0,0,0,0,0,0,0,0,0,0,0,0,0,0,0,0,0,0,0,0,0,0,0,0,0,0
1392,حوض نقاشی,مازیار میری,"اجتماعی, درام",4.9,25.0,حوزه هنری،,1644989000.0,"شهاب حسینی, نگار جواهریان, سپهراد فرزامی",1,0,0,0,0,0,0,0,0,0,0,0,0,0,0,0,1,0,0,0,0,0,0,0,0,0,0,0,0,0,0,0,0,0,0,0,0,0,0,0,0,0,0
1392,جا به جا,علی توکل نیا,کمدی,3.1,,حسن توکل نیا,1291235000.0,"اکبر عبدی, جواد عزتی, مهران غفوریان",0,0,0,0,0,0,0,0,0,0,0,0,0,0,0,0,0,0,0,0,0,0,0,0,0,0,0,0,0,0,0,0,0,0,0,0,0,0,0,0,1,0,0
1392,پل چوبی,مهدی کرم پور,"اجتماعی, درام",4.6,8.0,مهدی داوری،,1245365000.0,"بهرام رادان, مهناز افشار, هدیه تهرانی",1,0,0,0,0,0,0,0,0,0,0,0,0,0,0,0,1,0,0,0,0,0,0,0,0,0,0,0,0,0,0,0,0,0,0,0,0,0,0,0,0,0,0
1392,دربند,پرویز شهبازی,"اجتماعی, درام",4.0,7.0,امیر سمواتی,1235138000.0,"نازنین بیاتی, پگاه آهنگرانی, احمد مهرانفر",1,0,0,0,0,0,0,0,0,0,0,0,0,0,0,0,1,0,0,0,0,0,0,0,0,0,0,0,0,0,0,0,0,0,0,0,0,0,0,0,0,0,0
1392,دهلیز,بهروز شعیبی,"اجتماعی, خانوادگي, درام",4.6,5.0,سید محمود رضوی مجد,1144027000.0,"رضا عطاران, هانیه توسلی, شاهرخ فروتنیان",1,0,0,0,0,0,0,0,0,0,0,0,0,0,1,0,1,0,0,0,0,0,0,0,0,0,0,0,0,0,0,0,0,0,0,0,0,0,0,0,0,0,0
1392,چه خوبه که برگشتی,داریوش مهرجویی,"اجتماعی, کمدی",3.8,4.0,داریوش مهرجویی،,1075053000.0,"رضا عطاران, حامد بهداد, مهناز افشار",1,0,0,0,0,0,0,0,0,0,0,0,0,0,0,0,0,0,0,0,0,0,0,0,0,0,0,0,0,0,0,0,0,0,0,0,0,0,0,0,1,0,0
1392,بوی گندم,رضا خاکی,"اجتماعی, درام",5.0,3.0,داریوش بابائیان,864509000.0,"رضا یزدانی, پولاد کیمیایی, الناز شاکردوست",1,0,0,0,0,0,0,0,0,0,0,0,0,0,0,0,1,0,0,0,0,0,0,0,0,0,0,0,0,0,0,0,0,0,0,0,0,0,0,0,0,0,0
1392,برف روی کاج‌ها,پیمان معادی,"اجتماعی, درام",3.0,3.0,,778453000.0,"مهناز افشار, ویشکا آسایش, صابر ابر",1,0,0,0,0,0,0,0,0,0,0,0,0,0,0,0,1,0,0,0,0,0,0,0,0,0,0,0,0,0,0,0,0,0,0,0,0,0,0,0,0,0,0
1392,به خاطر پونه,هاتف علیمردانی,"اجتماعی, خانوادگي",4.0,2.0,امیرعباس گردان,651245000.0,"فرهاد اصلانی, هانیه توسلی, ترلان پروانه",1,0,0,0,0,0,0,0,0,0,0,0,0,0,1,0,0,0,0,0,0,0,0,0,0,0,0,0,0,0,0,0,0,0,0,0,0,0,0,0,0,0,0
1392,عملیات مهدکودک,فرزاد اژدری,"کمدی, کودک",3.2,,رویا شریف,579428000.0,"علیرضا خمسه, اکبر عبدی, سروش صحت",0,0,0,0,0,0,0,0,0,0,0,0,0,0,0,0,0,0,0,0,0,0,0,0,0,0,0,0,0,0,0,0,0,0,0,0,0,0,0,0,1,1,0
1392,نازنین,مهدی گلستانه,اجتماعی,4.5,2.0,,573842000.0,"پژمان بازغی, سحر قریشی, مجید صالحی",1,0,0,0,0,0,0,0,0,0,0,0,0,0,0,0,0,0,0,0,0,0,0,0,0,0,0,0,0,0,0,0,0,0,0,0,0,0,0,0,0,0,0
1392,سر به مهر,هادی مقدم دوست,"اجتماعی, خانوادگي, عاشقانه",3.3,,محمد رضا شفیعی,557333000.0,"لیلا حاتمی, آرش مجیدی, خاطره اسدی",1,0,0,0,0,0,0,0,0,0,0,0,0,0,1,0,0,0,0,0,0,0,0,1,0,0,0,0,0,0,0,0,0,0,0,0,0,0,0,0,0,0,0
1392,استرداد,علی غفاری,"تاريخي, درام",4.5,2.0,بنیاد سینمایی فارابی,530906000.0,"حمید فرخ نژاد, فرهاد قائمیان, صالح میرزاآقایی",0,0,0,0,0,1,0,0,0,0,0,0,0,0,0,0,1,0,0,0,0,0,0,0,0,0,0,0,0,0,0,0,0,0,0,0,0,0,0,0,0,0,0
1392,هیچ کجا، هیچ کس,ابراهیم شیبانی,"جنايي, درام, معمايي",3.1,,حسن کلامی,452281000.0,"رضا کیانیان, محمدرضا فروتن, مهناز افشار",0,0,0,0,0,0,0,0,0,1,0,0,0,0,0,0,1,0,0,0,0,0,0,0,0,0,0,0,0,0,0,1,0,0,0,0,0,0,0,0,0,0,0
1392,جیب بر خیابان جنوبی,سیاوش اسعدی,"اجتماعی, درام",3.2,,حسن داد خواه،,420360000.0,"مصطفی زمانی, نورا هاشمی, امیر جعفری",1,0,0,0,0,0,0,0,0,0,0,0,0,0,0,0,1,0,0,0,0,0,0,0,0,0,0,0,0,0,0,0,0,0,0,0,0,0,0,0,0,0,0
1392,تلفن همراه رییس جمهور,علی عطشانی,"اجتماعی, خانوادگي",3.0,2.0,,367239000.0,"مهدی هاشمی, اکبر عبدی, نیکی کریمی",1,0,0,0,0,0,0,0,0,0,0,0,0,0,1,0,0,0,0,0,0,0,0,0,0,0,0,0,0,0,0,0,0,0,0,0,0,0,0,0,0,0,0
1392,آسمان زرد کم‌ عمق,بهرام توکلی,"اجتماعی, درام",4.0,2.0,سعید ملکان,255268000.0,"ترانه علیدوستی, صابر ابر, سحر دولتشاهی",1,0,0,0,0,0,0,0,0,0,0,0,0,0,0,0,1,0,0,0,0,0,0,0,0,0,0,0,0,0,0,0,0,0,0,0,0,0,0,0,0,0,0
1392,قاعده تصادف,بهنام بهزادی,"اجتماعی, درام",3.2,,بهنام بهزادی,252723000.0,"اشکان خطیبی, مهرداد صدیقیان, امیر جعفری",1,0,0,0,0,0,0,0,0,0,0,0,0,0,0,0,1,0,0,0,0,0,0,0,0,0,0,0,0,0,0,0,0,0,0,0,0,0,0,0,0,0,0
1392,گناهکاران,فرامرز قریبیان,"اجتماعی, پليسي",3.0,1.0,فرامرز قریبیان,249847000.0,"همایون ارشادی, هومن برق نورد, کورش تهامی",1,0,0,0,0,0,0,0,0,0,0,0,0,0,0,0,0,0,0,0,0,0,0,0,0,0,0,0,0,0,0,0,0,0,0,0,0,0,1,0,0,0,0
1392,بشارت به یک شهروند هزاره‌ی سوم,محمدهادی کریمی,"اجتماعی, خانوادگي",3.2,,علی لدنی,235807000.0,"هنگامه قاضیانی, حمید فرخ نژاد, نیکی کریمی",1,0,0,0,0,0,0,0,0,0,0,0,0,0,1,0,0,0,0,0,0,0,0,0,0,0,0,0,0,0,0,0,0,0,0,0,0,0,0,0,0,0,0
1392,یکی برای همه,محمد آهنگرانی,"اجتماعی, کمدی",3.3,,رضا آشتیانی,206755000.0,"اکبر عبدی, نیوشا ضیغمی, میرطاهر مظلومی",1,0,0,0,0,0,0,0,0,0,0,0,0,0,0,0,0,0,0,0,0,0,0,0,0,0,0,0,0,0,0,0,0,0,0,0,0,0,0,0,1,0,0
1392,بیتابی بیتا,مهرداد فرید,"اجتماعی, درام",3.2,,مهرداد فرید,185608000.0,"حامد بهداد, الهه حصاری, فریبا کوثری",1,0,0,0,0,0,0,0,0,0,0,0,0,0,0,0,1,0,0,0,0,0,0,0,0,0,0,0,0,0,0,0,0,0,0,0,0,0,0,0,0,0,0
1392,پنجشنبه آخر ماه,ماشاالله شاه مرادی زاده,"مذهبي, اجتماعی",4.0,1.0,ابراهیم اصغری,182988000.0,"محمود پاک نیت, شبنم قلی خانی, سینا مهراد",1,0,0,0,0,0,0,0,0,0,0,0,0,0,0,0,0,0,0,0,0,0,0,0,0,0,0,0,0,1,0,0,0,0,0,0,0,0,0,0,0,0,0
1392,سگ‌های پوشالی,رضا توکلی,"پليسي, معمايي",4.0,1.0,رضا نوروزی،,178523000.0,"لیلا اوتادی, علیرضا جلالی تبار, مهدی سلوکی",0,0,0,0,0,0,0,0,0,0,0,0,0,0,0,0,0,0,0,0,0,0,0,0,0,0,0,0,0,0,0,1,0,0,0,0,0,0,1,0,0,0,0
1392,تنهای تنهای تنها,احسان عبدی پور,"اجتماعی, داستاني, کودک و نوجوان",3.2,,سیمای مرکز بوشهر،,176020000.0,"میثم فرهومند, آرمن هوانسیان, آنا پانوسیان",1,0,0,0,0,0,0,0,0,0,0,0,0,0,0,1,0,0,0,0,0,0,0,0,0,0,0,0,0,0,0,0,0,0,0,0,0,0,0,0,0,0,1
1392,خودزنی,احمد کاوری,"اجتماعی, درام",3.3,,اردشیر ایران نژاد,120479000.0,"امین حیایی, لعیا زنگنه, محمدرضا شریفی‌ نیا",1,0,0,0,0,0,0,0,0,0,0,0,0,0,0,0,1,0,0,0,0,0,0,0,0,0,0,0,0,0,0,0,0,0,0,0,0,0,0,0,0,0,0
1392,خسته نباشید,محسن قرایی,"اجتماعی, خانوادگي",2.5,2.0,رضا میرکریمی,110639000.0,"غوغا بیات, جلال فاطمی, حسام محمودی",1,0,0,0,0,0,0,0,0,0,0,0,0,0,1,0,0,0,0,0,0,0,0,0,0,0,0,0,0,0,0,0,0,0,0,0,0,0,0,0,0,0,0
1392,چارسو,فرهاد نجفی,"اجتماعی, درام",1.0,1.0,فرهاد نجفی,98663000.0,"محمدرضا فروتن, نیوشا ضیغمی, سوگل طهماسبی",1,0,0,0,0,0,0,0,0,0,0,0,0,0,0,0,1,0,0,0,0,0,0,0,0,0,0,0,0,0,0,0,0,0,0,0,0,0,0,0,0,0,0
1392,روز روشن,حسین شهابی,اجتماعی,3.3,,غلامرضا گمرکی,87998000.0,"پانته آ بهرام, مهران احمدی, روناک یونسی",1,0,0,0,0,0,0,0,0,0,0,0,0,0,0,0,0,0,0,0,0,0,0,0,0,0,0,0,0,0,0,0,0,0,0,0,0,0,0,0,0,0,0
1392,ابرهای ارغوانی,سیامک شایقی,اجتماعی,3.1,,محمود فلاح,80925000.0,"حسین یاری, هانیه توسلی, بهناز جعفری",1,0,0,0,0,0,0,0,0,0,0,0,0,0,0,0,0,0,0,0,0,0,0,0,0,0,0,0,0,0,0,0,0,0,0,0,0,0,0,0,0,0,0
1392,ملکه,محمدعلی باشه آهنگر,دفاع مقدس,5.0,2.0,سید ابوالقاسم حسینی,80112000.0,"حمیدرضا آذرنگ, میلاد کی مرام, مصطفی زمانی",0,0,0,0,0,0,0,0,0,0,0,0,0,0,0,0,0,1,0,0,0,0,0,0,0,0,0,0,0,0,0,0,0,0,0,0,0,0,0,0,0,0,0
1392,فرزند چهارم,وحید موسائیان,"اجتماعی, درام",3.2,,وحید موسائیان,68432000.0,"مهتاب کرامتی, مهدی هاشمی, حسین محب اهری",1,0,0,0,0,0,0,0,0,0,0,0,0,0,0,0,1,0,0,0,0,0,0,0,0,0,0,0,0,0,0,0,0,0,0,0,0,0,0,0,0,0,0
1392,سه نفر روی یک خط,خسرو ملکان,اجتماعی,3.2,,عباس حقیقی،,65692000.0,"مهران غفوریان, زیبا بروفه, بهنوش بختیاری",1,0,0,0,0,0,0,0,0,0,0,0,0,0,0,0,0,0,0,0,0,0,0,0,0,0,0,0,0,0,0,0,0,0,0,0,0,0,0,0,0,0,0
1392,کلاس هنرپیشگی,علیرضا داوودنژاد,"اجتماعی, خانوادگي, عاشقانه",5.0,1.0,علیرضا داوودنژاد,58501000.0,"رضا داوودنژاد, زهرا داوودنژاد, احترام السادات حبیبیان",1,0,0,0,0,0,0,0,0,0,0,0,0,0,1,0,0,0,0,0,0,0,0,1,0,0,0,0,0,0,0,0,0,0,0,0,0,0,0,0,0,0,0
1392,برلین ۷-,رامتین لوافی,"اجتماعی, درام",3.2,,موسسه رسانه‌های تصویری،,55691000.0,"مصطفی زمانی, مسعود رایگان, کارولین ایشهورن",1,0,0,0,0,0,0,0,0,0,0,0,0,0,0,0,1,0,0,0,0,0,0,0,0,0,0,0,0,0,0,0,0,0,0,0,0,0,0,0,0,0,0
1392,زن، مرد، زندگی,مهدی ودادی,"اجتماعی, درام",5.0,1.0,مهدی ودادی,50442000.0,"لیلا اوتادی, امیرحسین رستمی, سحر قریشی",1,0,0,0,0,0,0,0,0,0,0,0,0,0,0,0,1,0,0,0,0,0,0,0,0,0,0,0,0,0,0,0,0,0,0,0,0,0,0,0,0,0,0
1392,آزاد راه,عباس رافعی,اجتماعی,5.0,1.0,عباس رافعی,47002000.0,"مهدی پاکدل, بهنوش طباطبایی, تینا آخوندتبار",1,0,0,0,0,0,0,0,0,0,0,0,0,0,0,0,0,0,0,0,0,0,0,0,0,0,0,0,0,0,0,0,0,0,0,0,0,0,0,0,0,0,0
1392,اکباتان,مهرشاد کارخانی,اجتماعی,3.2,,,45421000.0,"شاهد احمدلو, سحر قریشی, سروش صحت",1,0,0,0,0,0,0,0,0,0,0,0,0,0,0,0,0,0,0,0,0,0,0,0,0,0,0,0,0,0,0,0,0,0,0,0,0,0,0,0,0,0,0
1392,دل بی قرار,قربان محمدپور,"اجتماعی, خانوادگي",3.3,,محمود غلامی,39810000.0,"کورش تهامی, شهره قمر, نازنین فراهانی",1,0,0,0,0,0,0,0,0,0,0,0,0,0,1,0,0,0,0,0,0,0,0,0,0,0,0,0,0,0,0,0,0,0,0,0,0,0,0,0,0,0,0
1392,بازنشسته‌‌ها,محسن ربیعی,"خانوادگي, کمدی",3.2,,مهدی احمدی,34986000.0,"مریم امیرجلالی, آرام جعفری, یوسف صیادی",0,0,0,0,0,0,0,0,0,0,0,0,0,0,1,0,0,0,0,0,0,0,0,0,0,0,0,0,0,0,0,0,0,0,0,0,0,0,0,0,1,0,0
1392,قصه عشق پدرم,محمدرضا ورزی,"اجتماعی, خانوادگي",3.3,8.0,محمدرضا شریفی‌ نیا,34534300.0,"مصطفی زمانی, چنگیز جلیلوند, بهنوش طباطبایی",1,0,0,0,0,0,0,0,0,0,0,0,0,0,1,0,0,0,0,0,0,0,0,0,0,0,0,0,0,0,0,0,0,0,0,0,0,0,0,0,0,0,0
1392,بزرگمرد کوچک,صادق صادق دقیقی,دفاع مقدس,3.2,,پروانه مرزبان،,31436000.0,"شبنم قلی خانی, پویا امینی, سوگل طهماسبی",0,0,0,0,0,0,0,0,0,0,0,0,0,0,0,0,0,1,0,0,0,0,0,0,0,0,0,0,0,0,0,0,0,0,0,0,0,0,0,0,0,0,0
1392,گهواره‌ای برای مادر,پناه برخدا رضایی,معناگرا,3.2,,پناه برخدا رضایی،,28668000.0,"الهام حمیدی, چکامه چمن ماه, غزل صارمی",0,0,0,0,0,0,0,0,0,0,0,0,0,0,0,0,0,0,0,0,0,0,0,0,0,0,0,0,0,0,0,0,1,0,0,0,0,0,0,0,0,0,0
1392,ترنج,مجتبی راعی,اجتماعی,3.2,,مجتبی راعی,20761000.0,"رضا ناجی, حسین محجوب, محمود پاک نیت",1,0,0,0,0,0,0,0,0,0,0,0,0,0,0,0,0,0,0,0,0,0,0,0,0,0,0,0,0,0,0,0,0,0,0,0,0,0,0,0,0,0,0
1392,گلوگاه,محمدابراهیم معیری,اجتماعی,3.2,,جهانگیر کوثری,19550000.0,"لادن مستوفی, کامران تفتی, هادی دیباجی",1,0,0,0,0,0,0,0,0,0,0,0,0,0,0,0,0,0,0,0,0,0,0,0,0,0,0,0,0,0,0,0,0,0,0,0,0,0,0,0,0,0,0
1392,دو ساعت بعد مهرآباد,علیرضا فرید,اجتماعی,3.2,,موسسه سینمایی کویرفیلم،,18033000.0,"اندیشه فولادوند, پژمان بازغی, حدیثه تهرانی",1,0,0,0,0,0,0,0,0,0,0,0,0,0,0,0,0,0,0,0,0,0,0,0,0,0,0,0,0,0,0,0,0,0,0,0,0,0,0,0,0,0,0
1392,یک مرد، یک شهر,حسن هدایت,اجتماعی,3.3,,احمد نجفی,14656000.0,"زیبا بروفه, احمد نجفی, پریناز ایزدیار",1,0,0,0,0,0,0,0,0,0,0,0,0,0,0,0,0,0,0,0,0,0,0,0,0,0,0,0,0,0,0,0,0,0,0,0,0,0,0,0,0,0,0
1392,زبان مادری,قربان محمدپور,اجتماعی,3.2,,حسین زندباف,12770000.0,"هستی مهدوی, شهره قمر, ناصر فروغ",1,0,0,0,0,0,0,0,0,0,0,0,0,0,0,0,0,0,0,0,0,0,0,0,0,0,0,0,0,0,0,0,0,0,0,0,0,0,0,0,0,0,0
1392,صبح خاکستر,حسن ناظر,اکشن,3.2,,رضا آشتیانی,12577000.0,"پیمان آذین, سیزار شکیر, زینب شکیر",0,0,1,0,0,0,0,0,0,0,0,0,0,0,0,0,0,0,0,0,0,0,0,0,0,0,0,0,0,0,0,0,0,0,0,0,0,0,0,0,0,0,0
1392,۵۷۸ روز انتظار,احمد عبداللهیان,دفاع مقدس,3.3,,هادی مشکوة,8546000.0,"خاطره اسدی, مینا نوروزی, جلال پیشواییان",0,0,0,0,0,0,0,0,0,0,0,0,0,0,0,0,0,1,0,0,0,0,0,0,0,0,0,0,0,0,0,0,0,0,0,0,0,0,0,0,0,0,0
1392,خاک و مرجان,سیدمسعود اطیابی,اجتماعی,3.3,,سید امیر پروین حسینی,5468000.0,"پانته آ تاجبخش, لینا علم, مارینا گلبهاری",1,0,0,0,0,0,0,0,0,0,0,0,0,0,0,0,0,0,0,0,0,0,0,0,0,0,0,0,0,0,0,0,0,0,0,0,0,0,0,0,0,0,0
1392,شرقی,عبدالرضا منجزی,اجتماعی,3.3,,عبدالرضا منجزی,4620000.0,"خسرو شکیبایی, عمار تفتی, فریبا کوثری",1,0,0,0,0,0,0,0,0,0,0,0,0,0,0,0,0,0,0,0,0,0,0,0,0,0,0,0,0,0,0,0,0,0,0,0,0,0,0,0,0,0,0
1392,فیلادلفی,سیدمجتبی اسدی‌پور،,اکشن,3.2,,عزت الله جامعی ندوشن،,3885000.0,"چنگیز وثوقی, محمد عمرانی, هدا آهنگر",0,0,1,0,0,0,0,0,0,0,0,0,0,0,0,0,0,0,0,0,0,0,0,0,0,0,0,0,0,0,0,0,0,0,0,0,0,0,0,0,0,0,0
1392,خاکستر و برف,روح اله سهرابی,"اجتماعی, دفاع مقدس",3.2,,فرهاد گلی,1756000.0,"کامبیز دیرباز, میترا حجار, قربان نجفی",1,0,0,0,0,0,0,0,0,0,0,0,0,0,0,0,0,1,0,0,0,0,0,0,0,0,0,0,0,0,0,0,0,0,0,0,0,0,0,0,0,0,0
1392,انسانهای آزاد FREE MEN,اسماعیل فروخی,جنگي,3.2,,,1753000.0,,0,0,0,0,0,0,0,0,0,0,0,1,0,0,0,0,0,0,0,0,0,0,0,0,0,0,0,0,0,0,0,0,0,0,0,0,0,0,0,0,0,0,0
1392,عقاب صحرا,مهرداد خوشبخت,تاريخي,3.2,,عباس اکبری,1264000.0,"کیکاووس یاکیده, روناک یونسی, حسین سلیمانی",0,0,0,0,0,1,0,0,0,0,0,0,0,0,0,0,0,0,0,0,0,0,0,0,0,0,0,0,0,0,0,0,0,0,0,0,0,0,0,0,0,0,0
1392,تابستان طولانی,علی خزاعی فر,"اجتماعی, خانوادگي, دفاع مقدس",5.0,1.0,سیاوش حقیقی,1064000.0,"امیرحسین طاهری, کیوان صباغ, روشنک سه قلعه‌گی",1,0,0,0,0,0,0,0,0,0,0,0,0,0,1,0,0,1,0,0,0,0,0,0,0,0,0,0,0,0,0,0,0,0,0,0,0,0,0,0,0,0,0
1392,ساکن خانه چوبی,حسینعلی لیالستانی,"اجتماعی, خانوادگي",3.2,,حسن علیمردانی,716000.0,"پروانه معصومی, امیرحسین آرمان, بهزاد خداویسی",1,0,0,0,0,0,0,0,0,0,0,0,0,0,1,0,0,0,0,0,0,0,0,0,0,0,0,0,0,0,0,0,0,0,0,0,0,0,0,0,0,0,0
1392,یک، دو، سه، … پنج,محمد معیری,اجتماعی,3.2,,محمد معیری,708000.0,"همایون ارشادی, آناهیتا افشار, عبدالولی تلاش",1,0,0,0,0,0,0,0,0,0,0,0,0,0,0,0,0,0,0,0,0,0,0,0,0,0,0,0,0,0,0,0,0,0,0,0,0,0,0,0,0,0,0
1392,مروارید,سیروس حسن پور,"اجتماعی, کودک و نوجوان",3.3,,جواد نوروزبیگی,536000.0,"مهدی فقیه, سلیمه رنگزن, علی اوسیوند",1,0,0,0,0,0,0,0,0,0,0,0,0,0,0,0,0,0,0,0,0,0,0,0,0,0,0,0,0,0,0,0,0,0,0,0,0,0,0,0,0,0,1
1392,او خوب سنگ می‌زند,هادی محقق,اجتماعی,3.0,5.0,ابراهیم اصغری,90000.0,"احمد درخشان, ساعد سهیلی, داوود عین آبادی",1,0,0,0,0,0,0,0,0,0,0,0,0,0,0,0,0,0,0,0,0,0,0,0,0,0,0,0,0,0,0,0,0,0,0,0,0,0,0,0,0,0,0
1392,افسانه سرزمین گوهران,مجید شاکری,انيميشن,3.2,,مجید شاکری,,,0,1,0,0,0,0,0,0,0,0,0,0,0,0,0,0,0,0,0,0,0,0,0,0,0,0,0,0,0,0,0,0,0,0,0,0,0,0,0,0,0,0,0
1392,غریبه,حمید بهمنی,دفاع مقدس,3.3,,محصول موسسه فرهنگی هنری شهید آوینی،,,"جمشید هاشم پور, محمدرضا شریفی‌ نیا, کورش تهامی",0,0,0,0,0,0,0,0,0,0,0,0,0,0,0,0,0,1,0,0,0,0,0,0,0,0,0,0,0,0,0,0,0,0,0,0,0,0,0,0,0,0,0
1392,فرشتگان قصاب,سهیل سلیمی,"اجتماعی, درام",3.3,,محمد قهرمانی,,"محمدرضا غفاری, ستاره پسیانی, جواد طاهری",1,0,0,0,0,0,0,0,0,0,0,0,0,0,0,0,1,0,0,0,0,0,0,0,0,0,0,0,0,0,0,0,0,0,0,0,0,0,0,0,0,0,0
1392,تهران ۱۵۰۰,بهرام عظیمی,"انيميشن, کمدی",3.2,5.0,محمد ابوالحسنی،,,"هدیه تهرانی, بهرام رادان, مهران مدیری",0,1,0,0,0,0,0,0,0,0,0,0,0,0,0,0,0,0,0,0,0,0,0,0,0,0,0,0,0,0,0,0,0,0,0,0,0,0,0,0,1,0,0
1393,شهر موشها ۲,مرضیه برومند,کودک,4.3,12.0,علی سرتیپی،,9471293000.0,"لیلی رشیدی, مانی نوری, سیامک صفری",0,0,0,0,0,0,0,0,0,0,0,0,0,0,0,0,0,0,0,0,0,0,0,0,0,0,0,0,0,0,0,0,0,0,0,0,0,0,0,0,0,1,0
1393,آتش بس ۲,تهمینه میلانی,اجتماعی,4.0,8.0,محمد نیک بین،,4353640000.0,"بهرام رادان, میترا حجار, آتیلا پسیانی",1,0,0,0,0,0,0,0,0,0,0,0,0,0,0,0,0,0,0,0,0,0,0,0,0,0,0,0,0,0,0,0,0,0,0,0,0,0,0,0,0,0,0
1393,طبقه حساس,کمال تبریزی,کمدی,3.0,5.0,,3984386000.0,"رضا عطاران, محمدرضا فروتن, پانته آ بهرام",0,0,0,0,0,0,0,0,0,0,0,0,0,0,0,0,0,0,0,0,0,0,0,0,0,0,0,0,0,0,0,0,0,0,0,0,0,0,0,0,1,0,0
1393,معراجی‌ها,مسعود ده نمکی,"اجتماعی, دفاع مقدس",3.7,3.0,سید محمود رضوی,3881509000.0,"اکبر عبدی, برزو ارجمند, دانیال عبادی",1,0,0,0,0,0,0,0,0,0,0,0,0,0,0,0,0,1,0,0,0,0,0,0,0,0,0,0,0,0,0,0,0,0,0,0,0,0,0,0,0,0,0
1393,شیار ۱۴۳,نرگس آبیار,دفاع مقدس,4.7,7.0,محمدحسین قاسمی،,2855681000.0,"مریلا زارعی, جواد عزتی, مهران احمدی",0,0,0,0,0,0,0,0,0,0,0,0,0,0,0,0,0,1,0,0,0,0,0,0,0,0,0,0,0,0,0,0,0,0,0,0,0,0,0,0,0,0,0
1393,ردکارپت,رضا عطاران,اجتماعی,2.3,4.0,احمد احمدی,2783753000.0,"رضا عطاران, سوسن پرور, علی سرتیپی",1,0,0,0,0,0,0,0,0,0,0,0,0,0,0,0,0,0,0,0,0,0,0,0,0,0,0,0,0,0,0,0,0,0,0,0,0,0,0,0,0,0,0
1393,خط ویژه,مصطفی کیایی,اجتماعی,4.2,6.0,منصور لشکری‌قوچانی,1964849000.0,"هومن سیدی, مصطفی زمانی, هانیه توسلی",1,0,0,0,0,0,0,0,0,0,0,0,0,0,0,0,0,0,0,0,0,0,0,0,0,0,0,0,0,0,0,0,0,0,0,0,0,0,0,0,0,0,0
1393,کلاشینکف,سهید سهیلی,"اجتماعی, درام",3.3,,سعید سهیلی,1896166000.0,"ساعد سهیلی, رضا عطاران, فرهاد اصلانی",1,0,0,0,0,0,0,0,0,0,0,0,0,0,0,0,1,0,0,0,0,0,0,0,0,0,0,0,0,0,0,0,0,0,0,0,0,0,0,0,0,0,0
1393,چ (شهید چمران),ابراهیم حاتمی کیا,"جنگي, درام, دفاع مقدس",4.5,4.0,محصول بنیاد سینمایی فارابی،,1672187000.0,"فریبرز عرب نیا, سعید راد, مریلا زارعی",0,0,0,0,0,0,0,0,0,0,0,1,0,0,0,0,1,1,0,0,0,0,0,0,0,0,0,0,0,0,0,0,0,0,0,0,0,0,0,0,0,0,0
1393,آنچه مردان درباره زنان نمی‌دانند,,اجتماعی,3.2,,حسن دادخواه,1361871000.0,"محمدرضا شریفی‌ نیا, فرزاد حسنی, سحر قریشی",1,0,0,0,0,0,0,0,0,0,0,0,0,0,0,0,0,0,0,0,0,0,0,0,0,0,0,0,0,0,0,0,0,0,0,0,0,0,0,0,0,0,0
1393,خواب زده‌ها,فریدون جیرانی,"عاشقانه, کمدی",5.0,1.0,رحمان سیفی آزاد,1273363000.0,"فرهاد اصلانی, ساره بیات, صابر ابر",0,0,0,0,0,0,0,0,0,0,0,0,0,0,0,0,0,0,0,0,0,0,0,1,0,0,0,0,0,0,0,0,0,0,0,0,0,0,0,0,1,0,0
1393,مجرد ۴۰ ساله,شاهین باباپور,کمدی,3.3,,سید محسن جاهد,1256585000.0,"ماهایا پطروسیان, مجید صالحی, مهران غفوریان",0,0,0,0,0,0,0,0,0,0,0,0,0,0,0,0,0,0,0,0,0,0,0,0,0,0,0,0,0,0,0,0,0,0,0,0,0,0,0,0,1,0,0
1393,ساکن طبقه وسط,شهاب حسینی,اجتماعی,4.5,2.0,امیر سمواتی,1153876000.0,"شهاب حسینی, فرهاد اصلانی, ساره بیات",1,0,0,0,0,0,0,0,0,0,0,0,0,0,0,0,0,0,0,0,0,0,0,0,0,0,0,0,0,0,0,0,0,0,0,0,0,0,0,0,0,0,0
1393,آرایش غلیظ,,اجتماعی,3.7,3.0,سعید سعدی،,1068785000.0,"حامد بهداد, طناز طباطبایی, حبیب رضایی",1,0,0,0,0,0,0,0,0,0,0,0,0,0,0,0,0,0,0,0,0,0,0,0,0,0,0,0,0,0,0,0,0,0,0,0,0,0,0,0,0,0,0
1393,پنج ستاره,مهشید افشارزاده,"اجتماعی, خانوادگي",5.0,1.0,امیر سمواتی,1030571000.0,"شهاب حسینی, سحر قریشی, دیبا زاهدی",1,0,0,0,0,0,0,0,0,0,0,0,0,0,1,0,0,0,0,0,0,0,0,0,0,0,0,0,0,0,0,0,0,0,0,0,0,0,0,0,0,0,0
1393,امروز,رضا میرکریمی,اجتماعی,5.0,1.0,معاونت برون‌مرزی سیما,928637000.0,"پرویز پرستویی, سهیلا گلستانی, شبنم مقدمی",1,0,0,0,0,0,0,0,0,0,0,0,0,0,0,0,0,0,0,0,0,0,0,0,0,0,0,0,0,0,0,0,0,0,0,0,0,0,0,0,0,0,0
1393,ملبورن,نیما جاویدی,اجتماعی,4.0,1.0,جواد نوروزبیگی,924242000.0,"پیمان معادی, نگار جواهریان, مانی حقیقی",1,0,0,0,0,0,0,0,0,0,0,0,0,0,0,0,0,0,0,0,0,0,0,0,0,0,0,0,0,0,0,0,0,0,0,0,0,0,0,0,0,0,0
1393,آذر، شهدخت، پرویز و دیگران,بهروز افخمی,اجتماعی,3.7,3.0,بهروز افخمی,825210000.0,"مهدی فخیم زاده, رامبد جوان, گوهر خیراندیش",1,0,0,0,0,0,0,0,0,0,0,0,0,0,0,0,0,0,0,0,0,0,0,0,0,0,0,0,0,0,0,0,0,0,0,0,0,0,0,0,0,0,0
1393,شانس، عشق، تصادف,آرش معیریان,اجتماعی,3.2,,عبدالله علیخانی,677222000.0,"حمید عسکری, سحر قریشی, امید علومی",1,0,0,0,0,0,0,0,0,0,0,0,0,0,0,0,0,0,0,0,0,0,0,0,0,0,0,0,0,0,0,0,0,0,0,0,0,0,0,0,0,0,0
1393,فرشته‌ها با هم می‌آیند,حامد محمدی,اجتماعی,4.2,5.0,منوچهر محمدی,673559000.0,"جواد عزتی, رضا ناجی, الهام کردا",1,0,0,0,0,0,0,0,0,0,0,0,0,0,0,0,0,0,0,0,0,0,0,0,0,0,0,0,0,0,0,0,0,0,0,0,0,0,0,0,0,0,0
1393,زندگی مشترک آقای محمودی و بانو,سیدروح‌اله حجازی,"اجتماعی, خانوادگي",4.0,2.0,علی طالب آبادی,646028000.0,"حمید فرخ نژاد, ترانه علیدوستی, هنگامه قاضیانی",1,0,0,0,0,0,0,0,0,0,0,0,0,0,1,0,0,0,0,0,0,0,0,0,0,0,0,0,0,0,0,0,0,0,0,0,0,0,0,0,0,0,0
1393,لامپ ۱۰۰,سعید آقاخانی,اجتماعی,5.0,1.0,احسان دلاویز،,479959000.0,"محسن تنابنده, ساره بیات, مسعود کرامتی",1,0,0,0,0,0,0,0,0,0,0,0,0,0,0,0,0,0,0,0,0,0,0,0,0,0,0,0,0,0,0,0,0,0,0,0,0,0,0,0,0,0,0
1393,متروپل,مسعود کیمیایی,"اجتماعی, اکشن, درام",3.3,,مسعود کیمیایی,473157000.0,"مهناز افشار, پولاد کیمیایی, محمدرضا فروتن",1,0,1,0,0,0,0,0,0,0,0,0,0,0,0,0,1,0,0,0,0,0,0,0,0,0,0,0,0,0,0,0,0,0,0,0,0,0,0,0,0,0,0
1393,چند متر مکعب عشق,جمشید محمودی,اجتماعی,4.3,3.0,نوید محمودی,462882000.0,"ساعد سهیلی, حسیبا ابراهیمی, نادر فلاح",1,0,0,0,0,0,0,0,0,0,0,0,0,0,0,0,0,0,0,0,0,0,0,0,0,0,0,0,0,0,0,0,0,0,0,0,0,0,0,0,0,0,0
1393,زندگی جای دیگری است,منوچهر هادی,اجتماعی,3.3,,,455017000.0,"حامد بهداد, نیکی کریمی, یکتا ناصر",1,0,0,0,0,0,0,0,0,0,0,0,0,0,0,0,0,0,0,0,0,0,0,0,0,0,0,0,0,0,0,0,0,0,0,0,0,0,0,0,0,0,0
1393,خانوم,تینا پاکروان,اجتماعی,5.0,1.0,,444929000.0,"امین حیایی, شقایق فراهانی, سیامک انصاری",1,0,0,0,0,0,0,0,0,0,0,0,0,0,0,0,0,0,0,0,0,0,0,0,0,0,0,0,0,0,0,0,0,0,0,0,0,0,0,0,0,0,0
1393,مستانه,,اجتماعی,5.0,1.0,عبدالله علیخانی,436497000.0,"فرهاد اصلانی, باران کوثری, میلاد کی مرام",1,0,0,0,0,0,0,0,0,0,0,0,0,0,0,0,0,0,0,0,0,0,0,0,0,0,0,0,0,0,0,0,0,0,0,0,0,0,0,0,0,0,0
1393,تراژدی,آزیتا موگویی,اجتماعی,3.3,,محمد حسن نجم,320410000.0,"مهدی هاشمی, بهرام رادان, رویا نونهالی",1,0,0,0,0,0,0,0,0,0,0,0,0,0,0,0,0,0,0,0,0,0,0,0,0,0,0,0,0,0,0,0,0,0,0,0,0,0,0,0,0,0,0
1393,سیزده,هومن سیدی,"اجتماعی, خانوادگي",3.8,8.0,سعید سعدی,314554000.0,"امیر جعفری, ریما رامین فر, امیر جدیدی",1,0,0,0,0,0,0,0,0,0,0,0,0,0,1,0,0,0,0,0,0,0,0,0,0,0,0,0,0,0,0,0,0,0,0,0,0,0,0,0,0,0,0
1393,تمشک,سامان سالور,اجتماعی,3.3,,مؤسسه فرهنگی پژواک سکوت،,309297000.0,"نیکی کریمی, مهران احمدی, سمیرا حسن پور",1,0,0,0,0,0,0,0,0,0,0,0,0,0,0,0,0,0,0,0,0,0,0,0,0,0,0,0,0,0,0,0,0,0,0,0,0,0,0,0,0,0,0
1393,میهمان داریم,محمدمهدی عسگرپور,"درام, دفاع مقدس",3.0,2.0,محصول سازمان توسعه سینمایی سوره حوزه هنری،,288043000.0,"پرویز پرستویی, آهو خردمند, بهروز شعیبی",0,0,0,0,0,0,0,0,0,0,0,0,0,0,0,0,1,1,0,0,0,0,0,0,0,0,0,0,0,0,0,0,0,0,0,0,0,0,0,0,0,0,0
1393,کالسکه,آرش معیریان,کمدی,3.3,,محسن وزیری,228852000.0,"دانیال عبادی, مهران غفوریان, بهنوش بختیاری",0,0,0,0,0,0,0,0,0,0,0,0,0,0,0,0,0,0,0,0,0,0,0,0,0,0,0,0,0,0,0,0,0,0,0,0,0,0,0,0,1,0,0
1393,بیگانه,بهرام توکلی,اجتماعی,3.3,,سعید ملکان,164065000.0,"مهناز افشار, پانته آ بهرام, امیر جعفری",1,0,0,0,0,0,0,0,0,0,0,0,0,0,0,0,0,0,0,0,0,0,0,0,0,0,0,0,0,0,0,0,0,0,0,0,0,0,0,0,0,0,0
1393,همه چیز برای فروش,امیرحسین ثقفی,"اجتماعی, درام",3.3,,علی‌اکبر ثقفی,119234000.0,"صابر ابر, مریلا زارعی, مزدک میرعابدینی",1,0,0,0,0,0,0,0,0,0,0,0,0,0,0,0,1,0,0,0,0,0,0,0,0,0,0,0,0,0,0,0,0,0,0,0,0,0,0,0,0,0,0
1393,اشباح,داریوش مهرجویی,اجتماعی,5.0,1.0,جهانگیر کوثری،,106151000.0,"مهتاب کرامتی, همایون ارشادی, حسن معجونی",1,0,0,0,0,0,0,0,0,0,0,0,0,0,0,0,0,0,0,0,0,0,0,0,0,0,0,0,0,0,0,0,0,0,0,0,0,0,0,0,0,0,0
1393,خانه‌ای کنار ابرها,سید جلال دهقانی اشکذری,دفاع مقدس,3.3,,,92785000.0,"هدایت هاشمی, حامد کمیلی, آفرین عبیسی",0,0,0,0,0,0,0,0,0,0,0,0,0,0,0,0,0,1,0,0,0,0,0,0,0,0,0,0,0,0,0,0,0,0,0,0,0,0,0,0,0,0,0
1393,روزگاری عشق و خیانت,داود بیدل,اجتماعی,4.0,1.0,,76575000.0,"شهرزاد کمال زاده, میلاد کی مرام, همایون ارشادی",1,0,0,0,0,0,0,0,0,0,0,0,0,0,0,0,0,0,0,0,0,0,0,0,0,0,0,0,0,0,0,0,0,0,0,0,0,0,0,0,0,0,0
1393,برف,مهدی رحمانی,"اجتماعی, خانوادگي, عاشقانه",4.0,2.0,مهدی رحمانی,67346000.0,"رویا تیموریان, محمدرضا غفاری, آناهیتا افشار",1,0,0,0,0,0,0,0,0,0,0,0,0,0,1,0,0,0,0,0,0,0,0,1,0,0,0,0,0,0,0,0,0,0,0,0,0,0,0,0,0,0,0
1393,تجریش … ناتمام,پوریا آذربایجانی,اجتماعی,5.0,1.0,مهدی داوری,66747000.0,"محمدرضا فروتن, شقایق فراهانی",1,0,0,0,0,0,0,0,0,0,0,0,0,0,0,0,0,0,0,0,0,0,0,0,0,0,0,0,0,0,0,0,0,0,0,0,0,0,0,0,0,0,0
1393,با دیگران,ناصر ضمیری,اجتماعی,3.3,,امیر سمواتی,48501000.0,"هنگامه قاضیانی, بابک حمیدیان, لیلا زارع",1,0,0,0,0,0,0,0,0,0,0,0,0,0,0,0,0,0,0,0,0,0,0,0,0,0,0,0,0,0,0,0,0,0,0,0,0,0,0,0,0,0,0
1393,ارسال یک آگهی تسلیت برای روزنامه,ابراهیم ابراهیمیان,اجتماعی,3.3,,حسن کلامی,41087000.0,"صابر ابر, نازنین بیاتی, پریوش نظریه",1,0,0,0,0,0,0,0,0,0,0,0,0,0,0,0,0,0,0,0,0,0,0,0,0,0,0,0,0,0,0,0,0,0,0,0,0,0,0,0,0,0,0
1393,گورداله و عمه غولی,نادره ترکمانی,"کودک, کودک و نوجوان",3.3,,,38340000.0,"شهره لرستانی, بهمن مفید, محمدرضا علیمردانی",0,0,0,0,0,0,0,0,0,0,0,0,0,0,0,0,0,0,0,0,0,0,0,0,0,0,0,0,0,0,0,0,0,0,0,0,0,0,0,0,0,1,1
1393,دوربین,محسن توکلی,اجتماعی,3.3,,,36041000.0,"پوریا پورسرخ, شاهرخ استخری, بهنوش بختیاری",1,0,0,0,0,0,0,0,0,0,0,0,0,0,0,0,0,0,0,0,0,0,0,0,0,0,0,0,0,0,0,0,0,0,0,0,0,0,0,0,0,0,0
1393,دربست آزادی,مهرشاد کارخانی,اجتماعی,3.2,,سید محمد قاضی,26784000.0,"امید علومی, سحر قریشی, سروش صحت",1,0,0,0,0,0,0,0,0,0,0,0,0,0,0,0,0,0,0,0,0,0,0,0,0,0,0,0,0,0,0,0,0,0,0,0,0,0,0,0,0,0,0
1393,چهار باندی,محمد جعفر باقری نیا,اجتماعی,3.3,,عزت الله جامعی ندوشن,25933000.0,"احمد نجفی, نسرین مقانلو, رضا رویگری",1,0,0,0,0,0,0,0,0,0,0,0,0,0,0,0,0,0,0,0,0,0,0,0,0,0,0,0,0,0,0,0,0,0,0,0,0,0,0,0,0,0,0
1393,پنجاه قدم آخر,کیومرث پوراحمد,اجتماعی,3.3,,بنیاد روایت فتح،,25808000.0,"بابک حمیدیان, طناز طباطبایی, سلمان فرخنده",1,0,0,0,0,0,0,0,0,0,0,0,0,0,0,0,0,0,0,0,0,0,0,0,0,0,0,0,0,0,0,0,0,0,0,0,0,0,0,0,0,0,0
1393,کاغذ خروس نشان,مریم میلانی,کودک و نوجوان,3.3,,محمد نیک بین,24331000.0,"دانیال عبادی, شهرام پور اسد, شایان جلالی",0,0,0,0,0,0,0,0,0,0,0,0,0,0,0,0,0,0,0,0,0,0,0,0,0,0,0,0,0,0,0,0,0,0,0,0,0,0,0,0,0,0,1
1393,نطفه شوم,کریم آتشی,اجتماعی,3.3,,موسسه فرهنگی هنر هفتم,21922000.0,"لاله اسکندری, سام درخشانی, جمشید هاشم پور",1,0,0,0,0,0,0,0,0,0,0,0,0,0,0,0,0,0,0,0,0,0,0,0,0,0,0,0,0,0,0,0,0,0,0,0,0,0,0,0,0,0,0
1393,فصل فراموشی فریبا,عباس رافعی,"اجتماعی, درام",5.0,2.0,عباس رافعی,16937000.0,"ساره بیات, امین زندگانی, شهین تسلیمی",1,0,0,0,0,0,0,0,0,0,0,0,0,0,0,0,1,0,0,0,0,0,0,0,0,0,0,0,0,0,0,0,0,0,0,0,0,0,0,0,0,0,0
1393,دنیای پر امید,منوچهر هادی,"اجتماعی, خانوادگي",3.3,,مهدی احمدی,15090000.0,"محمدرضا داوودنژاد, زهره حمیدی, مهدی سلوکی",1,0,0,0,0,0,0,0,0,0,0,0,0,0,1,0,0,0,0,0,0,0,0,0,0,0,0,0,0,0,0,0,0,0,0,0,0,0,0,0,0,0,0
1393,مذاکرات مستقیم آقای عبدی,علی شاه حاتمی,کمدی,4.0,1.0,جلال چاوشیان,13548000.0,"اکبر عبدی, میلاد کی مرام, فریبا طالبی",0,0,0,0,0,0,0,0,0,0,0,0,0,0,0,0,0,0,0,0,0,0,0,0,0,0,0,0,0,0,0,0,0,0,0,0,0,0,0,0,1,0,0
1393,حراج,حسین شهابی,اجتماعی,3.2,,حسین شهابی,12564000.0,"فریبا خادمی, نسیم ادبی, مهسا آبیز",1,0,0,0,0,0,0,0,0,0,0,0,0,0,0,0,0,0,0,0,0,0,0,0,0,0,0,0,0,0,0,0,0,0,0,0,0,0,0,0,0,0,0
1393,اشک و سکوت,اصغر نصیری,اجتماعی,5.0,1.0,محمد قاضی،,6765000.0,"لیلا بوشهری, زهرا اویسی, مینا جعفرزاده",1,0,0,0,0,0,0,0,0,0,0,0,0,0,0,0,0,0,0,0,0,0,0,0,0,0,0,0,0,0,0,0,0,0,0,0,0,0,0,0,0,0,0
1393,زیباتر از زندگی,انسیه شاه حسینی,دفاع مقدس,2.0,1.0,سید سعید سید زاده,6239000.0,"حامد کمیلی, محمود پاک نیت, قربان نجفی",0,0,0,0,0,0,0,0,0,0,0,0,0,0,0,0,0,1,0,0,0,0,0,0,0,0,0,0,0,0,0,0,0,0,0,0,0,0,0,0,0,0,0
1393,اعترافات ذهن خطرناک من,هومن سیدی,"درام, روانشناختي",5.0,2.0,جواد نوروزبیگی,,"نگار جواهریان, میترا حجار, رویا نونهالی",0,0,0,0,0,0,0,0,0,0,0,0,0,0,0,0,1,0,0,0,1,0,0,0,0,0,0,0,0,0,0,0,0,0,0,0,0,0,0,0,0,0,0
1393,آشنایی با لیلا,عادل یراقی,درام,3.2,,عادل یراقی,,"لیلا حاتمی, بهاره رهنما, عادل یراقی",0,0,0,0,0,0,0,0,0,0,0,0,0,0,0,0,1,0,0,0,0,0,0,0,0,0,0,0,0,0,0,0,0,0,0,0,0,0,0,0,0,0,0
1394,محمد رسول الله (ص),مجید مجیدی,"مذهبي, تاريخي",4.3,32.0,شرکت نور تابان,14620264000.0,"علیرضا شجاع نوری, مهدی پاکدل, ساره بیات",0,0,0,0,0,1,0,0,0,0,0,0,0,0,0,0,0,0,0,0,0,0,0,0,0,0,0,0,0,1,0,0,0,0,0,0,0,0,0,0,0,0,0
1394,نهنگ عنبر,سامان مقدم,کمدی,4.4,26.0,سامان مقدم,7082847000.0,"رضا عطاران, مهناز افشار, ویشکا آسایش",0,0,0,0,0,0,0,0,0,0,0,0,0,0,0,0,0,0,0,0,0,0,0,0,0,0,0,0,0,0,0,0,0,0,0,0,0,0,0,0,1,0,0
1394,ایران برگر,مسعود جعفری جوزانی,کمدی,4.1,11.0,فتح الله جعفری جوزانی,4634439000.0,"علی نصیریان, محسن تنابنده, هادی کاظمی",0,0,0,0,0,0,0,0,0,0,0,0,0,0,0,0,0,0,0,0,0,0,0,0,0,0,0,0,0,0,0,0,0,0,0,0,0,0,0,0,1,0,0
1394,در مدت معلوم (فی المدت المعلوم),وحید امیرخانی,اجتماعی,3.4,10.0,رویا شریف،,3752489000.0,"جواد عزتی, ویشکا آسایش, هومن سیدی",1,0,0,0,0,0,0,0,0,0,0,0,0,0,0,0,0,0,0,0,0,0,0,0,0,0,0,0,0,0,0,0,0,0,0,0,0,0,0,0,0,0,0
1394,کوچه بی نام,هاتف علیمردانی,اجتماعی,2.4,8.0,منصور لشگری قوچانی,3734706000.0,"فرهاد اصلانی, فرشته صدرعرفایی, باران کوثری",1,0,0,0,0,0,0,0,0,0,0,0,0,0,0,0,0,0,0,0,0,0,0,0,0,0,0,0,0,0,0,0,0,0,0,0,0,0,0,0,0,0,0
1394,شاهزاده روم,,"انيميشن, کودک و نوجوان",3.6,5.0,حامد جعفری,3687917000.0,"مریم شیرزاد, ناصر طهماسب, اکبر منانی",0,1,0,0,0,0,0,0,0,0,0,0,0,0,0,0,0,0,0,0,0,0,0,0,0,0,0,0,0,0,0,0,0,0,0,0,0,0,0,0,0,0,1
1394,گینس,محسن تنابنده,کمدی,3.3,4.0,موسسه تصویر گستر پاسارگاد،,3172224000.0,"رضا عطاران, محسن تنابنده, حسین اسکندری",0,0,0,0,0,0,0,0,0,0,0,0,0,0,0,0,0,0,0,0,0,0,0,0,0,0,0,0,0,0,0,0,0,0,0,0,0,0,0,0,1,0,0
1394,رخ دیوانه,ابوالحسن داودی,اجتماعی,4.2,20.0,بیتا منصوری,2783764000.0,"طناز طباطبایی, صابر ابر, امیر جدیدی",1,0,0,0,0,0,0,0,0,0,0,0,0,0,0,0,0,0,0,0,0,0,0,0,0,0,0,0,0,0,0,0,0,0,0,0,0,0,0,0,0,0,0
1394,دوران عاشقی,علیرضا رییسیان,اجتماعی,5.0,2.0,علیرضا رییسیان,2239210000.0,"لیلا حاتمی, شهاب حسینی, فرهاد اصلانی",1,0,0,0,0,0,0,0,0,0,0,0,0,0,0,0,0,0,0,0,0,0,0,0,0,0,0,0,0,0,0,0,0,0,0,0,0,0,0,0,0,0,0
1394,عصر یخبندان,مصطفی کیایی,اجتماعی,3.2,6.0,منصور لشگری قوچانی,2015179000.0,"مهتاب کرامتی, بهرام رادان, فرهاد اصلانی",1,0,0,0,0,0,0,0,0,0,0,0,0,0,0,0,0,0,0,0,0,0,0,0,0,0,0,0,0,0,0,0,0,0,0,0,0,0,0,0,0,0,0
1394,استراحت مطلق,عبدالرضا کاهانی,اجتماعی,2.7,6.0,عبدالرضا کاهانی,1573763000.0,"ترانه علیدوستی, رضا عطاران, بابک حمیدیان",1,0,0,0,0,0,0,0,0,0,0,0,0,0,0,0,0,0,0,0,0,0,0,0,0,0,0,0,0,0,0,0,0,0,0,0,0,0,0,0,0,0,0
1394,مردن به وقت شهریور,هاتف علیمردانی,اجتماعی,3.3,3.0,هاتف علیمردانی,1400790000.0,"حمید فرخ نژاد, هانیه توسلی, ترلان پروانه",1,0,0,0,0,0,0,0,0,0,0,0,0,0,0,0,0,0,0,0,0,0,0,0,0,0,0,0,0,0,0,0,0,0,0,0,0,0,0,0,0,0,0
1394,قندون جهیزیه,علی ملاقلی پور,"اجتماعی, کمدی",4.0,2.0,سعید سعدی,1348735000.0,"صابر ابر, نگار جواهریان, مصطفی ساسانی",1,0,0,0,0,0,0,0,0,0,0,0,0,0,0,0,0,0,0,0,0,0,0,0,0,0,0,0,0,0,0,0,0,0,0,0,0,0,0,0,1,0,0
1394,شیفت شب,نیکی کریمی,اجتماعی,2.3,3.0,نیکی کریمی,1269778000.0,"محمدرضا فروتن, لیلا زارع, سحر قریشی",1,0,0,0,0,0,0,0,0,0,0,0,0,0,0,0,0,0,0,0,0,0,0,0,0,0,0,0,0,0,0,0,0,0,0,0,0,0,0,0,0,0,0
1394,آتیش بازی,بهمن گودرزی,کمدی,3.0,1.0,مرتضی شایسته,1244862000.0,"امین حیایی, الناز شاکردوست, میرطاهر مظلومی",0,0,0,0,0,0,0,0,0,0,0,0,0,0,0,0,0,0,0,0,0,0,0,0,0,0,0,0,0,0,0,0,0,0,0,0,0,0,0,0,1,0,0
1394,جامه دران,حمیدرضا قطبی,اجتماعی,4.0,2.0,سید جمال ساداتیان,1207020000.0,"مهتاب کرامتی, باران کوثری, مصطفی زمانی",1,0,0,0,0,0,0,0,0,0,0,0,0,0,0,0,0,0,0,0,0,0,0,0,0,0,0,0,0,0,0,0,0,0,0,0,0,0,0,0,0,0,0
1394,این سیب هم برای تو,سیروس الوند,اجتماعی,1.0,1.0,محمد نشاط,1150773000.0,"پژمان بازغی, چنگیز جلیلوند, پریناز ایزدیار",1,0,0,0,0,0,0,0,0,0,0,0,0,0,0,0,0,0,0,0,0,0,0,0,0,0,0,0,0,0,0,0,0,0,0,0,0,0,0,0,0,0,0
1394,قصه‌ها,رخشان بنی اعتماد,اجتماعی,2.5,2.0,رخشان بنی اعتماد,833537000.0,"گلاب آدینه, صابر ابر, پیمان معادی",1,0,0,0,0,0,0,0,0,0,0,0,0,0,0,0,0,0,0,0,0,0,0,0,0,0,0,0,0,0,0,0,0,0,0,0,0,0,0,0,0,0,0
1394,آدم باش,مجید جوانمرد,کمدی,3.0,,مجید جوانمرد,814608000.0,"اکبر عبدی, امین حیایی, نیوشا ضیغمی",0,0,0,0,0,0,0,0,0,0,0,0,0,0,0,0,0,0,0,0,0,0,0,0,0,0,0,0,0,0,0,0,0,0,0,0,0,0,0,0,1,0,0
1394,در دنیای تو ساعت چند است؟,صفی یزدانیان,عاشقانه,3.8,5.0,علی مصفا,715098000.0,"لیلا حاتمی, علی مصفا, زری خوشکام",0,0,0,0,0,0,0,0,0,0,0,0,0,0,0,0,0,0,0,0,0,0,0,1,0,0,0,0,0,0,0,0,0,0,0,0,0,0,0,0,0,0,0
1394,شکاف,کیارش اسدی زاده,اجتماعی,1.5,2.0,علی سرتیپی،,659900000.0,"هانیه توسلی, بابک حمیدیان, پارسا پیروزفر",1,0,0,0,0,0,0,0,0,0,0,0,0,0,0,0,0,0,0,0,0,0,0,0,0,0,0,0,0,0,0,0,0,0,0,0,0,0,0,0,0,0,0
1394,چهارشنبه ۱۹ اردیبهشت,وحید جلیلوند,اجتماعی,4.0,2.0,علی جلیلوند،,560985000.0,"نیکی کریمی, امیر آقایی, شاهرخ فروتنیان",1,0,0,0,0,0,0,0,0,0,0,0,0,0,0,0,0,0,0,0,0,0,0,0,0,0,0,0,0,0,0,0,0,0,0,0,0,0,0,0,0,0,0
1394,مزار شریف,عبدالحسن برزیده,"اجتماعی, اکشن",3.0,1.0,منوچهر شاهسواری,555796000.0,"حسین یاری, مهتاب کرامتی, عمار تفتی",1,0,1,0,0,0,0,0,0,0,0,0,0,0,0,0,0,0,0,0,0,0,0,0,0,0,0,0,0,0,0,0,0,0,0,0,0,0,0,0,0,0,0
1394,طعم شیرین خیال,کمال تبریزی,کمدی,4.5,2.0,محمد علی حسین نژاد,521686000.0,"شهاب حسینی, نازنین بیاتی, نادر فلاح",0,0,0,0,0,0,0,0,0,0,0,0,0,0,0,0,0,0,0,0,0,0,0,0,0,0,0,0,0,0,0,0,0,0,0,0,0,0,0,0,1,0,0
1394,پدر آن دیگری,یدالله صمدی,"اجتماعی, خانوادگي",4.3,4.0,یدالله صمدی,512229000.0,"حسین یاری, هنگامه قاضیانی, اکبر عبدی",1,0,0,0,0,0,0,0,0,0,0,0,0,0,1,0,0,0,0,0,0,0,0,0,0,0,0,0,0,0,0,0,0,0,0,0,0,0,0,0,0,0,0
1394,من دیه‌گو مارادونا هستم,بهرام توکلی,"فلسفي, کمدی",3.5,4.0,جواد نوروزبیگی,447964000.0,"سعید آقاخانی, گلاب آدینه, هومن سیدی",0,0,0,0,0,0,0,0,0,0,0,0,0,0,0,0,0,0,0,0,0,0,0,0,0,1,0,0,0,0,0,0,0,0,0,0,0,0,0,0,1,0,0
1394,خبر خاصی نیست,مصطفی شایسته,خانوادگي,3.3,,مرتضی شایسته,406615000.0,"افسانه بایگان, رویا تیموریان, بیتا سحرخیز",0,0,0,0,0,0,0,0,0,0,0,0,0,0,1,0,0,0,0,0,0,0,0,0,0,0,0,0,0,0,0,0,0,0,0,0,0,0,0,0,0,0,0
1394,بچگیتو فراموش نکن,جلال فاطمی,"کمدی, کودک, کودک و نوجوان",2.0,1.0,محمد حسن نجم,397189000.0,"اکبر عبدی, فرهاد آئیش, بهاره رهنما",0,0,0,0,0,0,0,0,0,0,0,0,0,0,0,0,0,0,0,0,0,0,0,0,0,0,0,0,0,0,0,0,0,0,0,0,0,0,0,0,1,1,1
1394,ناهید,آیدا پناهنده,اجتماعی,3.4,5.0,بیژن امکانیان,379862000.0,"ساره بیات, پژمان بازغی, نوید محمدزاده",1,0,0,0,0,0,0,0,0,0,0,0,0,0,0,0,0,0,0,0,0,0,0,0,0,0,0,0,0,0,0,0,0,0,0,0,0,0,0,0,0,0,0
1394,۳۶۰ درجه,سام قریبیان,"اکشن, ماجرايي",3.0,3.0,فرامرز قریبیان,363758000.0,"میلاد کی مرام, امیر آقایی, حبیب اسماعیلی",0,0,1,0,0,0,0,0,0,0,0,0,0,0,0,0,0,0,0,0,0,0,0,0,0,0,0,0,1,0,0,0,0,0,0,0,0,0,0,0,0,0,0
1394,از رییس جمهور پاداش نگیرید!,کمال تبریزی,کمدی,3.0,1.0,مهدی کریمی,303604000.0,"حسن معجونی, آتیلا پسیانی, صابر ابر",0,0,0,0,0,0,0,0,0,0,0,0,0,0,0,0,0,0,0,0,0,0,0,0,0,0,0,0,0,0,0,0,0,0,0,0,0,0,0,0,1,0,0
1394,وروجک‌ها,فرزاد اژدری,"کودک, کودک و نوجوان",3.2,,مهدی احمدی,270746000.0,"علیرضا خمسه, سیما تیرانداز, طوفان مهردادیان",0,0,0,0,0,0,0,0,0,0,0,0,0,0,0,0,0,0,0,0,0,0,0,0,0,0,0,0,0,0,0,0,0,0,0,0,0,0,0,0,0,1,1
1394,دو دوست,محمد بانکی,اجتماعی,4.0,1.0,اصغر بانکی,263451000.0,"حمید عسکری, الهام حمیدی, سحر قریشی",1,0,0,0,0,0,0,0,0,0,0,0,0,0,0,0,0,0,0,0,0,0,0,0,0,0,0,0,0,0,0,0,0,0,0,0,0,0,0,0,0,0,0
1394,بازگشت لوک خوش شانس,مجید کاشی فروشان,"فانتزي, کمدی",1.0,1.0,علی‌اکبر بکتاشیان,261779000.0,"فتحعلی اویسی, سیاوش خیرابی, قدرت الله ایزدی",0,0,0,0,0,0,0,0,0,0,0,0,0,0,0,0,0,0,0,0,0,0,0,0,1,0,0,0,0,0,0,0,0,0,0,0,0,0,0,0,1,0,0
1394,نقش نگار,علی عطشانی,اجتماعی,3.1,,علی عطشانی,250824000.0,"بهرام رادان, آتیلا پسیانی, گوهر خیراندیش",1,0,0,0,0,0,0,0,0,0,0,0,0,0,0,0,0,0,0,0,0,0,0,0,0,0,0,0,0,0,0,0,0,0,0,0,0,0,0,0,0,0,0
1394,ارغوان.,کیوان علیمحمدی،,اجتماعی,1.0,1.0,کیوان علیمحمدی،,223067000.0,"مهتاب کرامتی, آزاده صمدی, شقایق فراهانی",1,0,0,0,0,0,0,0,0,0,0,0,0,0,0,0,0,0,0,0,0,0,0,0,0,0,0,0,0,0,0,0,0,0,0,0,0,0,0,0,0,0,0
1394,چهارشنبه خون به پا می‌شود,حماسه پارسا,"اجتماعی, تريلر",1.0,1.0,,217896000.0,"فرامرز قریبیان, حامد بهداد, همایون ارشادی",1,0,0,0,0,0,0,0,1,0,0,0,0,0,0,0,0,0,0,0,0,0,0,0,0,0,0,0,0,0,0,0,0,0,0,0,0,0,0,0,0,0,0
1394,اسب سفید پادشاه,محمدحسین لطیفی,اجتماعی,4.0,1.0,مجید یاسر،,195661000.0,"الناز شاکردوست, فرهاد قائمیان, مجید یاسر",1,0,0,0,0,0,0,0,0,0,0,0,0,0,0,0,0,0,0,0,0,0,0,0,0,0,0,0,0,0,0,0,0,0,0,0,0,0,0,0,0,0,0
1394,پی ۲۲,حسین قاسمی جامی,دفاع مقدس,3.0,,داود حیدری,190536000.0,"امین حیایی, هادی ساعی, افسانه بایگان",0,0,0,0,0,0,0,0,0,0,0,0,0,0,0,0,0,1,0,0,0,0,0,0,0,0,0,0,0,0,0,0,0,0,0,0,0,0,0,0,0,0,0
1394,دلتنگی‌‌های عاشقانه,رضا اعظمیان,"خانوادگي, دفاع مقدس",3.1,,محمدرضا شرف الدین,171962000.0,"محمدرضا فروتن, میترا حجار, رویا تیموریان",0,0,0,0,0,0,0,0,0,0,0,0,0,0,1,0,0,1,0,0,0,0,0,0,0,0,0,0,0,0,0,0,0,0,0,0,0,0,0,0,0,0,0
1394,خداحافظی طولانی,فرزاد موتمن,اجتماعی,4.5,2.0,علی حضرتی,130088000.0,"سعید آقاخانی, ساره بیات, میترا حجار",1,0,0,0,0,0,0,0,0,0,0,0,0,0,0,0,0,0,0,0,0,0,0,0,0,0,0,0,0,0,0,0,0,0,0,0,0,0,0,0,0,0,0
1394,روباه,بهروز افخمی,سياسي,3.7,3.0,محمد پیرهادی,128677000.0,"حمید گودرزی, آرش مجیدی, بابک حمیدیان",0,0,0,0,0,0,0,0,0,0,0,0,0,0,0,0,0,0,0,0,0,0,1,0,0,0,0,0,0,0,0,0,0,0,0,0,0,0,0,0,0,0,0
1394,بیداری,فرزاد موتمن,اجتماعی,3.1,,سعید حاجی میری،,112191000.0,"نیکی کریمی, شقایق فراهانی, حامد بهداد",1,0,0,0,0,0,0,0,0,0,0,0,0,0,0,0,0,0,0,0,0,0,0,0,0,0,0,0,0,0,0,0,0,0,0,0,0,0,0,0,0,0,0
1394,حکایت عاشقی,احمد رمضان زاده,دفاع مقدس,3.2,,مسعود جعفری جوزانی,90188000.0,"بهرام رادان, شیلان رحمانی, شوان عطوف",0,0,0,0,0,0,0,0,0,0,0,0,0,0,0,0,0,1,0,0,0,0,0,0,0,0,0,0,0,0,0,0,0,0,0,0,0,0,0,0,0,0,0
1394,متل قو,مسعود نوابی,"اجتماعی, خانوادگي",3.2,,بیژن امکانیان,82711000.0,"دانیال عبادی, تینا آخوندتبار, مونا فرجاد",1,0,0,0,0,0,0,0,0,0,0,0,0,0,1,0,0,0,0,0,0,0,0,0,0,0,0,0,0,0,0,0,0,0,0,0,0,0,0,0,0,0,0
1394,نزدیکتر,مصطفی احمدی,اجتماعی,3.2,,سپهر سیفی,81330000.0,"صابر ابر, پگاه آهنگرانی, پارسا پیروزفر",1,0,0,0,0,0,0,0,0,0,0,0,0,0,0,0,0,0,0,0,0,0,0,0,0,0,0,0,0,0,0,0,0,0,0,0,0,0,0,0,0,0,0
1394,بوفالو,کاوه سجادی حسینی,اجتماعی,3.0,1.0,همایون اسعدیان,80407000.0,"پرویز پرستویی, سهیلا گلستانی, هومن سیدی",1,0,0,0,0,0,0,0,0,0,0,0,0,0,0,0,0,0,0,0,0,0,0,0,0,0,0,0,0,0,0,0,0,0,0,0,0,0,0,0,0,0,0
1394,دریاکنار,آرش معیریان,"اجتماعی, کمدی",3.1,,,55497000.0,"سحر قریشی, سیروس گرجستانی, نادر سلیمانی",1,0,0,0,0,0,0,0,0,0,0,0,0,0,0,0,0,0,0,0,0,0,0,0,0,0,0,0,0,0,0,0,0,0,0,0,0,0,0,0,1,0,0
1394,تتل و راز صندوقچه,وحید گلستان,کودک و نوجوان,5.0,1.0,سعید هاشمی,55077000.0,"مهران احمدی, حسن معجونی, بهاره افشاری",0,0,0,0,0,0,0,0,0,0,0,0,0,0,0,0,0,0,0,0,0,0,0,0,0,0,0,0,0,0,0,0,0,0,0,0,0,0,0,0,0,0,1
1394,آزادی مشروط,حسین مهکام,اجتماعی,3.1,,مقصود جباری,53013000.0,"هنگامه قاضیانی, رامبد جوان, شاهرخ فروتنیان",1,0,0,0,0,0,0,0,0,0,0,0,0,0,0,0,0,0,0,0,0,0,0,0,0,0,0,0,0,0,0,0,0,0,0,0,0,0,0,0,0,0,0
1394,پایان خدمت,,اجتماعی,4.0,2.0,حمید آخوندی,50805000.0,"سعید راد, امیر جدیدی, هدی زین العابدین",1,0,0,0,0,0,0,0,0,0,0,0,0,0,0,0,0,0,0,0,0,0,0,0,0,0,0,0,0,0,0,0,0,0,0,0,0,0,0,0,0,0,0
1394,مبارزان کوچک,داود اطیابی,کودک و نوجوان,3.1,,حبیب الله کاسه ساز,43698000.0,"یوسف صیادی, شراره رخام, مهران رجبی",0,0,0,0,0,0,0,0,0,0,0,0,0,0,0,0,0,0,0,0,0,0,0,0,0,0,0,0,0,0,0,0,0,0,0,0,0,0,0,0,0,0,1
1394,جمشید وخورشید,بهروز یغمائیان,"انيميشن, پويانمايي",3.2,,نادر یغماییان,38702000.0,"پرویز پرستویی, امین حیایی, ترانه علیدوستی",0,1,0,0,0,0,0,0,0,0,0,0,0,0,0,0,0,0,0,0,0,0,0,0,0,0,0,0,0,0,0,0,0,0,0,0,0,0,0,1,0,0,0
1394,ماهی سیاه کوچولو,مجید اسماعیلی,اجتماعی,3.0,2.0,محمدرضا شفیعی,34234000.0,"مریلا زارعی, مصطفی زمانی, همایون ارشادی",1,0,0,0,0,0,0,0,0,0,0,0,0,0,0,0,0,0,0,0,0,0,0,0,0,0,0,0,0,0,0,0,0,0,0,0,0,0,0,0,0,0,0
1394,عشق و جنون,حسن نجفی,اجتماعی,3.2,,محمدرضا محمدی,29795000.0,"سعید راد, پوریا پورسرخ, بهاره افشاری",1,0,0,0,0,0,0,0,0,0,0,0,0,0,0,0,0,0,0,0,0,0,0,0,0,0,0,0,0,0,0,0,0,0,0,0,0,0,0,0,0,0,0
1394,یاسین,حامد امرایی,اجتماعی,3.2,,محسن علی اکبری,28202000.0,"حمید فرخ نژاد, پریوش نظریه",1,0,0,0,0,0,0,0,0,0,0,0,0,0,0,0,0,0,0,0,0,0,0,0,0,0,0,0,0,0,0,0,0,0,0,0,0,0,0,0,0,0,0
1394,کمپ ایکس ری,پیتر ستلر,"اجتماعی, درام",5.0,1.0,,22750000.0,پیمان معادی,1,0,0,0,0,0,0,0,0,0,0,0,0,0,0,0,1,0,0,0,0,0,0,0,0,0,0,0,0,0,0,0,0,0,0,0,0,0,0,0,0,0,0
1394,عاشق‌ها ایستاده می‌میرند,شهرام مسلخی,دفاع مقدس,3.2,,یوسف صمدزاده,19852000.0,"سروش صحت, شوان عطوف, پوریا پورسرخ",0,0,0,0,0,0,0,0,0,0,0,0,0,0,0,0,0,1,0,0,0,0,0,0,0,0,0,0,0,0,0,0,0,0,0,0,0,0,0,0,0,0,0
1394,تا آمدن احمد,صادق صادق دقیقی,دفاع مقدس,3.1,,پروانه مرزبان,1074000.0,"افسر اسدی, مهدی فقیه, پرهام دلدار",0,0,0,0,0,0,0,0,0,0,0,0,0,0,0,0,0,1,0,0,0,0,0,0,0,0,0,0,0,0,0,0,0,0,0,0,0,0,0,0,0,0,0
1394,خواب تلخ,محسن امیریوسفی,"اجتماعی, کمدی",5.0,,محسن امیریوسفی,,"عباس اسفندیاری, محسن رحیمی, دلبر قصری",1,0,0,0,0,0,0,0,0,0,0,0,0,0,0,0,0,0,0,0,0,0,0,0,0,0,0,0,0,0,0,0,0,0,0,0,0,0,0,0,1,0,0
1394,رقص خاک,ابوالفضل جلیلی,"اجتماعی, خانوادگي",3.0,,حیدرعلی عمرانی،,,"لیمووا رحمانی, محمود خسروی, جمیل موسوی",1,0,0,0,0,0,0,0,0,0,0,0,0,0,1,0,0,0,0,0,0,0,0,0,0,0,0,0,0,0,0,0,0,0,0,0,0,0,0,0,0,0,0
1394,احتمال باران اسیدی,بهتاش صناعی‌ها,اجتماعی,4.3,3.0,سمیرا برادری،,,"شمس لنگرودی, بهتاش صناعی‌ها, پوریا رحیمی سام",1,0,0,0,0,0,0,0,0,0,0,0,0,0,0,0,0,0,0,0,0,0,0,0,0,0,0,0,0,0,0,0,0,0,0,0,0,0,0,0,0,0,0
1395,فروشنده,اصغر فرهادی,اجتماعی,4.3,57.0,الکساندر ماله گی،,15714919000.0,"شهاب حسینی, ترانه علیدوستی, بابک کریمی",1,0,0,0,0,0,0,0,0,0,0,0,0,0,0,0,0,0,0,0,0,0,0,0,0,0,0,0,0,0,0,0,0,0,0,0,0,0,0,0,0,0,0
1395,من سالوادور نیستم,منوچهر هادی,کمدی,3.0,21.0,امیر پروین حسینی،,14326500000.0,"رضا عطاران, یکتا ناصر, مهدی محرابی",0,0,0,0,0,0,0,0,0,0,0,0,0,0,0,0,0,0,0,0,0,0,0,0,0,0,0,0,0,0,0,0,0,0,0,0,0,0,0,0,1,0,0
1395,سلام بمبئی,قربان محمدپور,اجتماعی,3.0,21.0,جواد نوروزبیگی,13727166000.0,"محمدرضا گلزار, بنیامین بهادری, دیا میرزا",1,0,0,0,0,0,0,0,0,0,0,0,0,0,0,0,0,0,0,0,0,0,0,0,0,0,0,0,0,0,0,0,0,0,0,0,0,0,0,0,0,0,0
1395,۵۰ کیلو آلبالو,مانی حقیقی,کمدی,3.8,19.0,محمد شایسته،,13641430000.0,"ساعد سهیلی, هستی مهدوی, پژمان جمشیدی",0,0,0,0,0,0,0,0,0,0,0,0,0,0,0,0,0,0,0,0,0,0,0,0,0,0,0,0,0,0,0,0,0,0,0,0,0,0,0,0,1,0,0
1395,ابد و یک روز,سعید روستایی,اجتماعی,4.5,46.0,سعید ملکان,11480058000.0,"پیمان معادی, نوید محمدزاده, پریناز ایزدیار",1,0,0,0,0,0,0,0,0,0,0,0,0,0,0,0,0,0,0,0,0,0,0,0,0,0,0,0,0,0,0,0,0,0,0,0,0,0,0,0,0,0,0
1395,بارکد.,مصطفی کیایی,"اکشن, کمدی",3.9,17.0,مصطفی کیایی,11187379000.0,"بهرام رادان, محسن کیایی, رضا کیانیان",0,0,1,0,0,0,0,0,0,0,0,0,0,0,0,0,0,0,0,0,0,0,0,0,0,0,0,0,0,0,0,0,0,0,0,0,0,0,0,0,1,0,0
1395,بادیگارد,ابراهیم حاتمی کیا,"اجتماعی, سياسي",4.7,19.0,احسان محمد حسنی,6690363000.0,"پرویز پرستویی, مریلا زارعی, بابک حمیدیان",1,0,0,0,0,0,0,0,0,0,0,0,0,0,0,0,0,0,0,0,0,0,1,0,0,0,0,0,0,0,0,0,0,0,0,0,0,0,0,0,0,0,0
1395,لانتوری,رضا درمیشیان,"اجتماعی, درام",3.0,14.0,رضا درمیشیان,6296910000.0,"نوید محمدزاده, مریم پالیزبان, باران کوثری",1,0,0,0,0,0,0,0,0,0,0,0,0,0,0,0,1,0,0,0,0,0,0,0,0,0,0,0,0,0,0,0,0,0,0,0,0,0,0,0,0,0,0
1395,زاپاس,برزو نیک نژاد,"اجتماعی, کمدی",3.8,5.0,سید امیر پروین حسینی,4816114000.0,"امیر جعفری, جواد عزتی, ریما رامین فر",1,0,0,0,0,0,0,0,0,0,0,0,0,0,0,0,0,0,0,0,0,0,0,0,0,0,0,0,0,0,0,0,0,0,0,0,0,0,0,0,1,0,0
1395,ناردون,فریدون حسن پور,کمدی,2.3,3.0,منصور سهراب پور,4002245000.0,"امین حیایی, سیروس گرجستانی, لیلا اوتادی",0,0,0,0,0,0,0,0,0,0,0,0,0,0,0,0,0,0,0,0,0,0,0,0,0,0,0,0,0,0,0,0,0,0,0,0,0,0,0,0,1,0,0
1395,آس و پاس,آرش معیریان,"موزيکال, موزيکال, کمدی",2.9,7.0,عبدالله علیخانی,3780776000.0,"محمدرضا شریفی‌ نیا, سحر قریشی, محمدرضا هدایتی",0,0,0,0,0,0,0,0,0,0,0,0,0,0,0,0,0,0,0,0,0,0,0,0,0,0,0,0,0,0,0,0,0,1,0,0,0,0,0,0,1,0,0
1395,دراکولا,رضا عطاران,"فانتزي, کمدی",2.2,12.0,علی سرتیپی,3764068000.0,"رضا عطاران, لوون هفتوان, ویشکا آسایش",0,0,0,0,0,0,0,0,0,0,0,0,0,0,0,0,0,0,0,0,0,0,0,0,1,0,0,0,0,0,0,0,0,0,0,0,0,0,0,0,1,0,0
1395,دختر,رضا میرکریمی,اجتماعی,2.9,10.0,رضا میرکریمی,3075369000.0,"فرهاد اصلانی, مریلا زارعی, ماهور الوند",1,0,0,0,0,0,0,0,0,0,0,0,0,0,0,0,0,0,0,0,0,0,0,0,0,0,0,0,0,0,0,0,0,0,0,0,0,0,0,0,0,0,0
1395,رسوایی ۲,مسعود ده نمکی,اجتماعی,3.0,2.0,محمود سلطانی،,2858862000.0,"اکبر عبدی, سحر قریشی, محمدرضا شریفی‌ نیا",1,0,0,0,0,0,0,0,0,0,0,0,0,0,0,0,0,0,0,0,0,0,0,0,0,0,0,0,0,0,0,0,0,0,0,0,0,0,0,0,0,0,0
1395,هفت ماهگی,هاتف علیمردانی,اجتماعی,3.0,5.0,منصور لشگری قوچانی,2610400000.0,"حامد بهداد, باران کوثری, پگاه آهنگرانی",1,0,0,0,0,0,0,0,0,0,0,0,0,0,0,0,0,0,0,0,0,0,0,0,0,0,0,0,0,0,0,0,0,0,0,0,0,0,0,0,0,0,0
1395,سیانور,بهروز شعیبی,"اجتماعی, سياسي",3.4,5.0,سید محمود رضوی,2522966000.0,"مهدی هاشمی, هانیه توسلی, پدرام شریفی",1,0,0,0,0,0,0,0,0,0,0,0,0,0,0,0,0,0,0,0,0,0,1,0,0,0,0,0,0,0,0,0,0,0,0,0,0,0,0,0,0,0,0
1395,خشکسالی و دروغ,پدرام علیزاده,اجتماعی,3.0,2.0,,2468367000.0,"محمدرضا گلزار, پگاه آهنگرانی, خاطره اسدی",1,0,0,0,0,0,0,0,0,0,0,0,0,0,0,0,0,0,0,0,0,0,0,0,0,0,0,0,0,0,0,0,0,0,0,0,0,0,0,0,0,0,0
1395,من,سهیل بیرقی,اجتماعی,3.6,7.0,سعید خانی،,2281190000.0,"لیلا حاتمی, امیر جدیدی, بهنوش طباطبایی",1,0,0,0,0,0,0,0,0,0,0,0,0,0,0,0,0,0,0,0,0,0,0,0,0,0,0,0,0,0,0,0,0,0,0,0,0,0,0,0,0,0,0
1395,اژدها وارد می‌شود,مانی حقیقی,"حادثه اي, ماجرايي",4.3,10.0,مانی حقیقی,2049262000.0,"امیر جدیدی, همایون غنی زاده, احسان گودرزی",0,0,0,0,0,0,0,0,0,0,0,0,1,0,0,0,0,0,0,0,0,0,0,0,0,0,0,0,1,0,0,0,0,0,0,0,0,0,0,0,0,0,0
1395,عادت نمی‌کنیم,ابراهیم ابراهیمیان,اجتماعی,3.3,3.0,پیمان جعفری,1865613000.0,"محمدرضا فروتن, هدیه تهرانی, ساره بیات",1,0,0,0,0,0,0,0,0,0,0,0,0,0,0,0,0,0,0,0,0,0,0,0,0,0,0,0,0,0,0,0,0,0,0,0,0,0,0,0,0,0,0
1395,ایستاده در غبار,,دفاع مقدس,4.4,11.0,حبیب الله والی نژاد,1690283000.0,"هادی حجازی فر, امیرحسین هاشمی",0,0,0,0,0,0,0,0,0,0,0,0,0,0,0,0,0,1,0,0,0,0,0,0,0,0,0,0,0,0,0,0,0,0,0,0,0,0,0,0,0,0,0
1395,یتیم خانه ایران,ابوالقاسم طالبی,"تاريخي, سياسي",5.0,5.0,محمدرضا تخت کشیان,1627152000.0,"علیرام نورایی, قطب الدین صادقی, فرخ نعمتی",0,0,0,0,0,1,0,0,0,0,0,0,0,0,0,0,0,0,0,0,0,0,1,0,0,0,0,0,0,0,0,0,0,0,0,0,0,0,0,0,0,0,0
1395,نیمه شب اتفاق افتاد,تینا پاکروان,اجتماعی,4.0,4.0,امیرحسین عبداللهی،,1596558000.0,"حامد بهداد, رویا نونهالی, آتیلا پسیانی",1,0,0,0,0,0,0,0,0,0,0,0,0,0,0,0,0,0,0,0,0,0,0,0,0,0,0,0,0,0,0,0,0,0,0,0,0,0,0,0,0,0,0
1395,خشم و هیاهو,هومن سیدی,"اجتماعی, تريلر",4.2,15.0,سعید سعدی,1591847000.0,"نوید محمدزاده, طناز طباطبایی, رعنا آزادی ور",1,0,0,0,0,0,0,0,1,0,0,0,0,0,0,0,0,0,0,0,0,0,0,0,0,0,0,0,0,0,0,0,0,0,0,0,0,0,0,0,0,0,0
1395,مبارک (رئال انیمیشن),محمدرضا نجفی امامی,انيميشن,5.0,3.0,علی پایاب،,1495926000.0,"الناز شاکردوست, امیر رهبری, منوچهر آذر",0,1,0,0,0,0,0,0,0,0,0,0,0,0,0,0,0,0,0,0,0,0,0,0,0,0,0,0,0,0,0,0,0,0,0,0,0,0,0,0,0,0,0
1395,نفس,نرگس آبیار,اجتماعی,3.9,8.0,محمد حسین قاسمی،,1455520000.0,"مهران احمدی, سیامک صفری, گلاره عباسی",1,0,0,0,0,0,0,0,0,0,0,0,0,0,0,0,0,0,0,0,0,0,0,0,0,0,0,0,0,0,0,0,0,0,0,0,0,0,0,0,0,0,0
1395,جنجال در عروسی,سید رضا خطیبی,اجتماعی,3.7,3.0,محمد احمدی,1356897000.0,"علیرضا خمسه, نعیمه نظام دوست, میرطاهر مظلومی",1,0,0,0,0,0,0,0,0,0,0,0,0,0,0,0,0,0,0,0,0,0,0,0,0,0,0,0,0,0,0,0,0,0,0,0,0,0,0,0,0,0,0
1395,آبنبات چوبی,,اجتماعی,2.5,2.0,عبدالله علیخانی,1355885000.0,"رضا عطاران, میلاد کی مرام, سحر قریشی",1,0,0,0,0,0,0,0,0,0,0,0,0,0,0,0,0,0,0,0,0,0,0,0,0,0,0,0,0,0,0,0,0,0,0,0,0,0,0,0,0,0,0
1395,یک دزدی عاشقانه,امیر شهاب رضویان,کمدی,1.5,2.0,ناهید دل آگاه,1347286000.0,"مهدی هاشمی, فرهاد آئیش, لوون هفتوان",0,0,0,0,0,0,0,0,0,0,0,0,0,0,0,0,0,0,0,0,0,0,0,0,0,0,0,0,0,0,0,0,0,0,0,0,0,0,0,0,1,0,0
1395,چهار اصفهانی در بغداد,محمدرضا ممتاز,کمدی,3.0,2.0,,1330109000.0,"اکبر عبدی, نسرین مقانلو, ارژنگ امیرفضلی",0,0,0,0,0,0,0,0,0,0,0,0,0,0,0,0,0,0,0,0,0,0,0,0,0,0,0,0,0,0,0,0,0,0,0,0,0,0,0,0,1,0,0
1395,لاک قرمز,سید جمال سید حاتمی,اجتماعی,4.2,9.0,کامران مجیدی,1218671000.0,"پردیس احمدیه, بهنام تشکر, پانته آ پناهی‌ها",1,0,0,0,0,0,0,0,0,0,0,0,0,0,0,0,0,0,0,0,0,0,0,0,0,0,0,0,0,0,0,0,0,0,0,0,0,0,0,0,0,0,0
1395,متولد ۶۵,مجید توکلی,اجتماعی,3.3,4.0,,1174219000.0,"هنگامه حمیدزاده, پدرام شریفی, مریم سعادت",1,0,0,0,0,0,0,0,0,0,0,0,0,0,0,0,0,0,0,0,0,0,0,0,0,0,0,0,0,0,0,0,0,0,0,0,0,0,0,0,0,0,0
1395,خانه‌ای در خیابان چهل و یکم,حمیدرضا قربانی,اجتماعی,3.0,2.0,سید محمود رضوی,946329000.0,"مهناز افشار, علی مصفا, سهیلا رضوی",1,0,0,0,0,0,0,0,0,0,0,0,0,0,0,0,0,0,0,0,0,0,0,0,0,0,0,0,0,0,0,0,0,0,0,0,0,0,0,0,0,0,0
1395,مشکل گیتی,بهرام کاظمی,اجتماعی,2.1,,بهرام کاظمی,937456000.0,"حمید فرخ نژاد, یکتا ناصر, امیرحسین رستمی",1,0,0,0,0,0,0,0,0,0,0,0,0,0,0,0,0,0,0,0,0,0,0,0,0,0,0,0,0,0,0,0,0,0,0,0,0,0,0,0,0,0,0
1395,دزد و پری,حسین قناعت,"موزيکال, کمدی",3.0,2.0,بهروز مفید,929014000.0,"بهزاد فراهانی, بهنوش بختیاری, رامین ناصرنصیر",0,0,0,0,0,0,0,0,0,0,0,0,0,0,0,0,0,0,0,0,0,0,0,0,0,0,0,0,0,0,0,0,0,1,0,0,0,0,0,0,1,0,0
1395,وارونگی,بهنام بهزادی,اجتماعی,3.0,1.0,بهنام بهزادی,806439000.0,"سحر دولتشاهی, علی مصفا, ستاره پسیانی",1,0,0,0,0,0,0,0,0,0,0,0,0,0,0,0,0,0,0,0,0,0,0,0,0,0,0,0,0,0,0,0,0,0,0,0,0,0,0,0,0,0,0
1395,کفشهایم کو؟,کیومرث پوراحمد,اجتماعی,2.5,2.0,سید علی قائم مقامی,718978000.0,"رضا کیانیان, رویا نونهالی, مجید مظفری",1,0,0,0,0,0,0,0,0,0,0,0,0,0,0,0,0,0,0,0,0,0,0,0,0,0,0,0,0,0,0,0,0,0,0,0,0,0,0,0,0,0,0
1395,شاباش,حامد کلاهداری,"خانوادگي, کمدی",2.5,,حسن حبیبی خلیفه لو,607348000.0,"اکبر عبدی, سارا خوئینی‌ها, مرجانه گلچین",0,0,0,0,0,0,0,0,0,0,0,0,0,0,1,0,0,0,0,0,0,0,0,0,0,0,0,0,0,0,0,0,0,0,0,0,0,0,0,0,1,0,0
1395,مرگ ماهی,,اجتماعی,2.5,2.0,,576450000.0,"علی مصفا, طناز طباطبایی, بابک حمیدیان",1,0,0,0,0,0,0,0,0,0,0,0,0,0,0,0,0,0,0,0,0,0,0,0,0,0,0,0,0,0,0,0,0,0,0,0,0,0,0,0,0,0,0
1395,خنده‌های آتوسا,علیرضا فرید,اجتماعی,3.0,1.0,امیر پورکیان,487702000.0,"باران کوثری, امیر جدیدی, محمدرضا فروتن",1,0,0,0,0,0,0,0,0,0,0,0,0,0,0,0,0,0,0,0,0,0,0,0,0,0,0,0,0,0,0,0,0,0,0,0,0,0,0,0,0,0,0
1395,سایه‌های موازی,اصغر نعیمی,اجتماعی,3.0,2.0,علی توکل نیا،,476332000.0,"شهاب حسینی, ابوالفضل پورعرب, سمیرا حسن پور",1,0,0,0,0,0,0,0,0,0,0,0,0,0,0,0,0,0,0,0,0,0,0,0,0,0,0,0,0,0,0,0,0,0,0,0,0,0,0,0,0,0,0
1395,ننه نقلی,پرویز صبری,کودک,3.1,,پرویز صبری,435655000.0,"رابعه اسکویی, احمدرضا اسعدی, اسداله یکتا",0,0,0,0,0,0,0,0,0,0,0,0,0,0,0,0,0,0,0,0,0,0,0,0,0,0,0,0,0,0,0,0,0,0,0,0,0,0,0,0,0,1,0
1395,امکان مینا,کمال تبریزی,"اجتماعی, سياسي",4.0,2.0,منوچهر محمدی,424228000.0,"میلاد کی مرام, مینا ساداتی, شاهرخ فروتنیان",1,0,0,0,0,0,0,0,0,0,0,0,0,0,0,0,0,0,0,0,0,0,1,0,0,0,0,0,0,0,0,0,0,0,0,0,0,0,0,0,0,0,0
1395,گیتا,مسعود مددی,اجتماعی,5.0,1.0,مجید شیخ انصاری,405822000.0,"مریلا زارعی, حمیدرضا آذرنگ, سارا بهرامی",1,0,0,0,0,0,0,0,0,0,0,0,0,0,0,0,0,0,0,0,0,0,0,0,0,0,0,0,0,0,0,0,0,0,0,0,0,0,0,0,0,0,0
1395,هلن,علی اکبر ثقفی,اجتماعی,4.3,4.0,علی اکبر ثقفی,286418000.0,"رویا نونهالی, پژمان بازغی, روشنک گرامی",1,0,0,0,0,0,0,0,0,0,0,0,0,0,0,0,0,0,0,0,0,0,0,0,0,0,0,0,0,0,0,0,0,0,0,0,0,0,0,0,0,0,0
1395,ما همه گناهکاریم,حسن ناظر,اجتماعی,2.7,,حسن ناظر،,256464000.0,"امیر آقایی, نیوشا ضیغمی, الهام حمیدی",1,0,0,0,0,0,0,0,0,0,0,0,0,0,0,0,0,0,0,0,0,0,0,0,0,0,0,0,0,0,0,0,0,0,0,0,0,0,0,0,0,0,0
1395,این زن حقش را می‌خواهد,محسن توکلی,اجتماعی,3.2,,ناصر شعبانی,241178000.0,"میترا حجار, کامران تفتی, لعیا زنگنه",1,0,0,0,0,0,0,0,0,0,0,0,0,0,0,0,0,0,0,0,0,0,0,0,0,0,0,0,0,0,0,0,0,0,0,0,0,0,0,0,0,0,0
1395,افسونگر,حسین تبریزی,اجتماعی,4.0,1.0,سیدمسعود اطیابی,231869000.0,"پژمان بازغی, لیلا اوتادی, شقایق فراهانی",1,0,0,0,0,0,0,0,0,0,0,0,0,0,0,0,0,0,0,0,0,0,0,0,0,0,0,0,0,0,0,0,0,0,0,0,0,0,0,0,0,0,0
1395,اروند,پوریا آذربایجانی,دفاع مقدس,3.0,2.0,مهدی داوری,183782000.0,"سعید آقاخانی, طناز طباطبایی, مهرداد صدیقیان",0,0,0,0,0,0,0,0,0,0,0,0,0,0,0,0,0,1,0,0,0,0,0,0,0,0,0,0,0,0,0,0,0,0,0,0,0,0,0,0,0,0,0
1395,ماحی,داود خیام,اجتماعی,3.0,1.0,,146353000.0,"آنا نعمتی, مهران احمدی, همایون ارشادی",1,0,0,0,0,0,0,0,0,0,0,0,0,0,0,0,0,0,0,0,0,0,0,0,0,0,0,0,0,0,0,0,0,0,0,0,0,0,0,0,0,0,0
1395,فرار از اردو,غلامرضا رمضانی,"اجتماعی, کمدی",2.8,,حسن آقاکریمی,144520000.0,"محمد بحرانی, سیروس همتی",1,0,0,0,0,0,0,0,0,0,0,0,0,0,0,0,0,0,0,0,0,0,0,0,0,0,0,0,0,0,0,0,0,0,0,0,0,0,0,0,1,0,0
1395,ربوده شده,بیژن میرباقری,اجتماعی,3.1,,جواد نوروزبیگی,141102000.0,"نیکی کریمی, روزبه بمانی, سروش صحت",1,0,0,0,0,0,0,0,0,0,0,0,0,0,0,0,0,0,0,0,0,0,0,0,0,0,0,0,0,0,0,0,0,0,0,0,0,0,0,0,0,0,0
1395,دلبری,سید جلال دهقانی اشکذری,اجتماعی,3.0,,سید محمود رضوی,138511000.0,"هنگامه قاضیانی, آتیلا پسیانی, عباس غزالی",1,0,0,0,0,0,0,0,0,0,0,0,0,0,0,0,0,0,0,0,0,0,0,0,0,0,0,0,0,0,0,0,0,0,0,0,0,0,0,0,0,0,0
1395,ناسور.,کیانوش دالوند,انيميشن,5.0,1.0,داریوش دالوند،,133900000.0,"بهرام زند, حسین عرفانی, سعید مظفری",0,1,0,0,0,0,0,0,0,0,0,0,0,0,0,0,0,0,0,0,0,0,0,0,0,0,0,0,0,0,0,0,0,0,0,0,0,0,0,0,0,0,0
1395,هیهات,ناییجی،,"مذهبي, اجتماعی",5.0,1.0,محمدرضا شفیعی,131026000.0,"حمید فرخ نژاد, حامد بهداد, مینا ساداتی",1,0,0,0,0,0,0,0,0,0,0,0,0,0,0,0,0,0,0,0,0,0,0,0,0,0,0,0,0,1,0,0,0,0,0,0,0,0,0,0,0,0,0
1395,نبرد خلیج فارس,فرهاد عظیما,"پويانمايي, جنگي, حماسي",3.0,2.0,فرهاد عظیما,124306000.0,"بهرام زند, ژرژ پطروسی, شروین قطعه‌ای",0,0,0,0,0,0,0,0,0,0,0,1,0,1,0,0,0,0,0,0,0,0,0,0,0,0,0,0,0,0,0,0,0,0,0,0,0,0,0,1,0,0,0
1395,سایه,مسعود نوابی,اجتماعی,3.0,,بهنام شهیدی,118567000.0,"رضا کیانیان, پدرام شریفی, دیبا زاهدی",1,0,0,0,0,0,0,0,0,0,0,0,0,0,0,0,0,0,0,0,0,0,0,0,0,0,0,0,0,0,0,0,0,0,0,0,0,0,0,0,0,0,0
1395,ابوزینب,علی غفاری,دفاع مقدس,3.2,,مرتضی شعبانی,59330000.0,"کارمن لبس, باسم مغنیه, عمار شلق",0,0,0,0,0,0,0,0,0,0,0,0,0,0,0,0,0,1,0,0,0,0,0,0,0,0,0,0,0,0,0,0,0,0,0,0,0,0,0,0,0,0,0
1395,بچه‌‌های جسور,حجت الله سیفی,"فانتزي, کودک, کودک و نوجوان",3.0,,حجت الله سیفی,43103000.0,"رضا ایرانمنش, لیلا بوشهری, مهرداد فلاحتگر",0,0,0,0,0,0,0,0,0,0,0,0,0,0,0,0,0,0,0,0,0,0,0,0,1,0,0,0,0,0,0,0,0,0,0,0,0,0,0,0,0,1,1
1395,رفقای خوب,مجید قاری زاده,اجتماعی,3.1,,مجید قاری زاده,16222000.0,"داریوش اسدزاده, محمد کاسبی, جمشید مشایخی",1,0,0,0,0,0,0,0,0,0,0,0,0,0,0,0,0,0,0,0,0,0,0,0,0,0,0,0,0,0,0,0,0,0,0,0,0,0,0,0,0,0,0
1395,جشن تولد,عباس لاجوردی,"اجتماعی, خانوادگي",3.6,,مهدی فیوضی,10201000.0,"احمد کاوری, علیرام نورایی",1,0,0,0,0,0,0,0,0,0,0,0,0,0,1,0,0,0,0,0,0,0,0,0,0,0,0,0,0,0,0,0,0,0,0,0,0,0,0,0,0,0,0
1395,کربلا جغرافیای یک تاریخ,داریوش یاری,مستند,3.1,,بهروز مفید,9996000.0,شهاب حسینی,0,0,0,0,0,0,0,0,0,0,0,0,0,0,0,0,0,0,0,0,0,0,0,0,0,0,0,0,0,0,1,0,0,0,0,0,0,0,0,0,0,0,0
1395,دوازده صندلی,اسماعیل براری,اجتماعی,3.0,1.0,اسماعیل براری,6372000.0,"داریوش اسدزاده, احمد نجفی, افسر اسدی",1,0,0,0,0,0,0,0,0,0,0,0,0,0,0,0,0,0,0,0,0,0,0,0,0,0,0,0,0,0,0,0,0,0,0,0,0,0,0,0,0,0,0
1395,حریر,فریال بهزاد,اجتماعی,2.9,,غلامرضا آزادی,3850000.0,"علیرضا جلالی تبار, روشنک عجمیان, نازنین احمدی",1,0,0,0,0,0,0,0,0,0,0,0,0,0,0,0,0,0,0,0,0,0,0,0,0,0,0,0,0,0,0,0,0,0,0,0,0,0,0,0,0,0,0
1395,شرفناز,حسن نجفی,دفاع مقدس,3.0,,حسن نجفی,2244000.0,"حمیرا ریاضی, علی اوسیوند, ضرغام استادی اصل",0,0,0,0,0,0,0,0,0,0,0,0,0,0,0,0,0,1,0,0,0,0,0,0,0,0,0,0,0,0,0,0,0,0,0,0,0,0,0,0,0,0,0
1395,کله سرخ,کریم لک زاده,اجتماعی,3.6,,مهدی رشیدی,,,1,0,0,0,0,0,0,0,0,0,0,0,0,0,0,0,0,0,0,0,0,0,0,0,0,0,0,0,0,0,0,0,0,0,0,0,0,0,0,0,0,0,0
1395,فصل باران‌های موسمی,مجید برزگر,"اجتماعی, خانوادگي",5.0,2.0,منوچهر شاهسواری,,"الناز حبیبی, نوید لایقی مقدم, مرضیه خوشی تراش",1,0,0,0,0,0,0,0,0,0,0,0,0,0,1,0,0,0,0,0,0,0,0,0,0,0,0,0,0,0,0,0,0,0,0,0,0,0,0,0,0,0,0
1395,۲۱ اینچ,ابوذر صفاریان,اجتماعی,3.0,,فاطمه غفاری,,"رضا ابری, بهروز جلیلی, مرتضی نجاتی",1,0,0,0,0,0,0,0,0,0,0,0,0,0,0,0,0,0,0,0,0,0,0,0,0,0,0,0,0,0,0,0,0,0,0,0,0,0,0,0,0,0,0
1395,نامه‌ها,سامان استرکی,درام,,,علیرضا شجاع نوری,,"دومان اشرفی, بهاره پارسا",0,0,0,0,0,0,0,0,0,0,0,0,0,0,0,0,1,0,0,0,0,0,0,0,0,0,0,0,0,0,0,0,0,0,0,0,0,0,0,0,0,0,0
1396,نهنگ عنبر ۲: سلکشن رویا,سامان مقدم,کمدی,4.0,45.0,سامان مقدم,20944044000.0,"رضا عطاران, مهناز افشار, ویشکا آسایش",0,0,0,0,0,0,0,0,0,0,0,0,0,0,0,0,0,0,0,0,0,0,0,0,0,0,0,0,0,0,0,0,0,0,0,0,0,0,0,0,1,0,0
1396,آینه بغل,منوچهر هادی,کمدی,3.8,59.0,امیر پروین حسینی،,20497295000.0,"محمدرضا گلزار, جواد عزتی, یکتا ناصر",0,0,0,0,0,0,0,0,0,0,0,0,0,0,0,0,0,0,0,0,0,0,0,0,0,0,0,0,0,0,0,0,0,0,0,0,0,0,0,0,1,0,0
1396,گشت ۲,سعید سهیلی,کمدی,3.8,32.0,حمید فرخ نژاد،,19781344000.0,"حمید فرخ نژاد, ساعد سهیلی, پولاد کیمیایی",0,0,0,0,0,0,0,0,0,0,0,0,0,0,0,0,0,0,0,0,0,0,0,0,0,0,0,0,0,0,0,0,0,0,0,0,0,0,0,0,1,0,0
1396,خوب، بد، جلف,پیمان قاسم خانی,کمدی,4.1,30.0,عبدالله اسکندری،,16288593000.0,"حمید فرخ نژاد, پژمان جمشیدی, سام درخشانی",0,0,0,0,0,0,0,0,0,0,0,0,0,0,0,0,0,0,0,0,0,0,0,0,0,0,0,0,0,0,0,0,0,0,0,0,0,0,0,0,1,0,0
1396,اکسیدان,حامد محمدی,کمدی,4.0,26.0,منوچهر محمدی,10791205000.0,"جواد عزتی, امیر جعفری, شبنم مقدمی",0,0,0,0,0,0,0,0,0,0,0,0,0,0,0,0,0,0,0,0,0,0,0,0,0,0,0,0,0,0,0,0,0,0,0,0,0,0,0,0,1,0,0
1396,ساعت ۵ عصر,مهران مدیری,کمدی,3.6,25.0,مهران مدیری,9127122000.0,"سیامک انصاری, آزاده صمدی, امیر جعفری",0,0,0,0,0,0,0,0,0,0,0,0,0,0,0,0,0,0,0,0,0,0,0,0,0,0,0,0,0,0,0,0,0,0,0,0,0,0,0,0,1,0,0
1396,خالتور,آرش معیریان,"موزيکال, کمدی",3.6,12.0,عبدالله علیخانی,6697263000.0,"محمدرضا شریفی‌ نیا, پوریا پورسرخ, مهران غفوریان",0,0,0,0,0,0,0,0,0,0,0,0,0,0,0,0,0,0,0,0,0,0,0,0,0,0,0,0,0,0,0,0,0,1,0,0,0,0,0,0,1,0,0
1396,رگ خواب,حمید نعمت الله,اجتماعی,4.3,13.0,حمید نعمت الله,4930116000.0,"لیلا حاتمی, کورش تهامی, الهام کردا",1,0,0,0,0,0,0,0,0,0,0,0,0,0,0,0,0,0,0,0,0,0,0,0,0,0,0,0,0,0,0,0,0,0,0,0,0,0,0,0,0,0,0
1396,زرد,مصطفی تقی زاده,اجتماعی,3.7,13.0,کامران مجیدی,4844898000.0,"بهرام رادان, ساره بیات, شهرام حقیقت دوست",1,0,0,0,0,0,0,0,0,0,0,0,0,0,0,0,0,0,0,0,0,0,0,0,0,0,0,0,0,0,0,0,0,0,0,0,0,0,0,0,0,0,0
1396,بدون تاریخ بدون امضا,وحید جلیلوند,اجتماعی,4.2,30.0,احسان علیخانی،,4782879000.0,"هدیه تهرانی, سعید داخ, علیرضا استادی",1,0,0,0,0,0,0,0,0,0,0,0,0,0,0,0,0,0,0,0,0,0,0,0,0,0,0,0,0,0,0,0,0,0,0,0,0,0,0,0,0,0,0
1396,ماجرای نیمروز,محمدحسین مهدویان,"اجتماعی, سياسي",4.7,34.0,سید محمود رضوی,4323154000.0,"مهرداد صدیقیان, احمد مهرانفر, هادی حجازی فر",1,0,0,0,0,0,0,0,0,0,0,0,0,0,0,0,0,0,0,0,0,0,1,0,0,0,0,0,0,0,0,0,0,0,0,0,0,0,0,0,0,0,0
1396,خفه‌گی,فریدون جیرانی,اجتماعی,3.0,14.0,فریدون جیرانی,4008926000.0,"نوید محمدزاده, الناز شاکردوست, پردیس احمدیه",1,0,0,0,0,0,0,0,0,0,0,0,0,0,0,0,0,0,0,0,0,0,0,0,0,0,0,0,0,0,0,0,0,0,0,0,0,0,0,0,0,0,0
1396,ثبت با سند برابر است,بهمن گودرزی,کمدی,4.0,3.0,مجتبی متولی,3179952000.0,"امین حیایی, مجید صالحی, نیوشا ضیغمی",0,0,0,0,0,0,0,0,0,0,0,0,0,0,0,0,0,0,0,0,0,0,0,0,0,0,0,0,0,0,0,0,0,0,0,0,0,0,0,0,1,0,0
1396,خانه دختر,شهرام شاه حسینی,اجتماعی,3.5,4.0,محمد شایسته,2849991000.0,"حامد بهداد, باران کوثری, پگاه آهنگرانی",1,0,0,0,0,0,0,0,0,0,0,0,0,0,0,0,0,0,0,0,0,0,0,0,0,0,0,0,0,0,0,0,0,0,0,0,0,0,0,0,0,0,0
1396,زیر سقف دودی,پوران درخشنده,اجتماعی,3.3,6.0,پوران درخشنده,2806726000.0,"فرهاد اصلانی, مریلا زارعی, بهنوش طباطبایی",1,0,0,0,0,0,0,0,0,0,0,0,0,0,0,0,0,0,0,0,0,0,0,0,0,0,0,0,0,0,0,0,0,0,0,0,0,0,0,0,0,0,0
1396,نگار,رامبد جوان,"جنايي, معمايي",2.9,14.0,رامبد جوان,2639439000.0,"نگار جواهریان, محمدرضا فروتن, مانی حقیقی",0,0,0,0,0,0,0,0,0,1,0,0,0,0,0,0,0,0,0,0,0,0,0,0,0,0,0,0,0,0,0,1,0,0,0,0,0,0,0,0,0,0,0
1396,سارا و آیدا,مازیار میری,اجتماعی,3.4,8.0,مازیار میری,2631244000.0,"غزل شاکری, پگاه آهنگرانی, مصطفی زمانی",1,0,0,0,0,0,0,0,0,0,0,0,0,0,0,0,0,0,0,0,0,0,0,0,0,0,0,0,0,0,0,0,0,0,0,0,0,0,0,0,0,0,0
1396,قهرمانان کوچک,حسین قناعت,کودک و نوجوان,3.5,2.0,بیتا منصوری,2567943000.0,"بیژن بنفشه خواه, بهنوش بختیاری, ارژنگ امیرفضلی",0,0,0,0,0,0,0,0,0,0,0,0,0,0,0,0,0,0,0,0,0,0,0,0,0,0,0,0,0,0,0,0,0,0,0,0,0,0,0,0,0,0,1
1396,قاتل اهلی,مسعود کیمیایی,اجتماعی,3.1,12.0,منصور لشگری قوچانی,2438803000.0,"پرویز پرستویی, امیر جدیدی, پرویز پورحسینی",1,0,0,0,0,0,0,0,0,0,0,0,0,0,0,0,0,0,0,0,0,0,0,0,0,0,0,0,0,0,0,0,0,0,0,0,0,0,0,0,0,0,0
1396,برادرم خسرو,احسان بیگلری,اجتماعی,4.2,14.0,سعید ملکان,2021498000.0,"شهاب حسینی, ناصر هاشمی, هنگامه قاضیانی",1,0,0,0,0,0,0,0,0,0,0,0,0,0,0,0,0,0,0,0,0,0,0,0,0,0,0,0,0,0,0,0,0,0,0,0,0,0,0,0,0,0,0
1396,سه بیگانه,مهدی مظلومی,کمدی,3.3,3.0,مسعود ردایی،,2011602000.0,"امین حیایی, محمدرضا شریفی‌ نیا, مجید صالحی",0,0,0,0,0,0,0,0,0,0,0,0,0,0,0,0,0,0,0,0,0,0,0,0,0,0,0,0,0,0,0,0,0,0,0,0,0,0,0,0,1,0,0
1396,ملی و راه‌های نرفته‌اش,تهمینه میلانی,اجتماعی,3.9,10.0,محمد نیک بین,1987327000.0,"میلاد کی مرام, ماهور الوند, السا فیروز آذر",1,0,0,0,0,0,0,0,0,0,0,0,0,0,0,0,0,0,0,0,0,0,0,0,0,0,0,0,0,0,0,0,0,0,0,0,0,0,0,0,0,0,0
1396,دخترعمو و پسرعمو,روح انگیز شمس,کمدی,4.0,5.0,محمود غلامی،,1557921000.0,"مجید صالحی, نیوشا ضیغمی, لاله مرزبان",0,0,0,0,0,0,0,0,0,0,0,0,0,0,0,0,0,0,0,0,0,0,0,0,0,0,0,0,0,0,0,0,0,0,0,0,0,0,0,0,1,0,0
1396,آباجان,هاتف علیمردانی,اجتماعی,3.0,6.0,هاتف علیمردانی,1530522000.0,"فاطمه معتمدآریا, سعید آقاخانی, حمیدرضا آذرنگ",1,0,0,0,0,0,0,0,0,0,0,0,0,0,0,0,0,0,0,0,0,0,0,0,0,0,0,0,0,0,0,0,0,0,0,0,0,0,0,0,0,0,0
1396,عشقولانس,محسن ماهینی,کمدی,1.0,3.0,عبدالله باکیده,1504159000.0,"اکبر عبدی, سحر قریشی, علی صادقی",0,0,0,0,0,0,0,0,0,0,0,0,0,0,0,0,0,0,0,0,0,0,0,0,0,0,0,0,0,0,0,0,0,0,0,0,0,0,0,0,1,0,0
1396,ما خیلی باحالیم,بهمن گودرزی,کمدی,3.0,2.0,رویا شریف,1357750000.0,"مجید صالحی, مهران غفوریان, نیوشا ضیغمی",0,0,0,0,0,0,0,0,0,0,0,0,0,0,0,0,0,0,0,0,0,0,0,0,0,0,0,0,0,0,0,0,0,0,0,0,0,0,0,0,1,0,0
1396,مادر قلب اتمی,علی احمدزاده,اجتماعی,2.1,9.0,سید امیر سیدزاده,1322028000.0,"محمدرضا گلزار, ترانه علیدوستی, پگاه آهنگرانی",1,0,0,0,0,0,0,0,0,0,0,0,0,0,0,0,0,0,0,0,0,0,0,0,0,0,0,0,0,0,0,0,0,0,0,0,0,0,0,0,0,0,0
1396,ایتالیا ایتالیا,کاوه صباغ زاده,"رمانتيک, کمدی",2.7,6.0,مهدی صباغ زاده,1316159000.0,"حامد کمیلی, سارا بهرامی, فرید سجادی حسینی",0,0,0,0,0,0,0,0,0,0,0,0,0,0,0,0,0,0,0,1,0,0,0,0,0,0,0,0,0,0,0,0,0,0,0,0,0,0,0,0,1,0,0
1396,تابستان داغ,ابراهیم ایرج زاد,اجتماعی,3.8,13.0,جواد نوروزبیگی,1298208000.0,"پریناز ایزدیار, علی مصفا, مینا ساداتی",1,0,0,0,0,0,0,0,0,0,0,0,0,0,0,0,0,0,0,0,0,0,0,0,0,0,0,0,0,0,0,0,0,0,0,0,0,0,0,0,0,0,0
1396,پا تو کفش من نکن!,,کمدی,3.7,3.0,عبدالله علیخانی,1241095000.0,"رضا ناجی, سحر قریشی, بهنوش بختیاری",0,0,0,0,0,0,0,0,0,0,0,0,0,0,0,0,0,0,0,0,0,0,0,0,0,0,0,0,0,0,0,0,0,0,0,0,0,0,0,0,1,0,0
1396,سد معبر,محسن قرایی,اجتماعی,4.1,10.0,بهمن کامیار,1208006000.0,"حامد بهداد, باران کوثری, نادر فلاح",1,0,0,0,0,0,0,0,0,0,0,0,0,0,0,0,0,0,0,0,0,0,0,0,0,0,0,0,0,0,0,0,0,0,0,0,0,0,0,0,0,0,0
1396,بیست و یک روز بعد,محمدرضا خردمندان,اجتماعی,3.3,3.0,محمدرضا شفاه,1207052000.0,"ساره بیات, حمیدرضا آذرنگ, امیرحسین صدیق",1,0,0,0,0,0,0,0,0,0,0,0,0,0,0,0,0,0,0,0,0,0,0,0,0,0,0,0,0,0,0,0,0,0,0,0,0,0,0,0,0,0,0
1396,من و شارمین,بیژن شیرمرز,کمدی,3.5,2.0,یوسف صمدزاده,1204625000.0,"ویشکا آسایش, پژمان بازغی, سحر قریشی",0,0,0,0,0,0,0,0,0,0,0,0,0,0,0,0,0,0,0,0,0,0,0,0,0,0,0,0,0,0,0,0,0,0,0,0,0,0,0,0,1,0,0
1396,یک روز بخصوص,همایون اسعدیان,اجتماعی,2.5,2.0,همایون اسعدیان,1195072000.0,"مصطفی زمانی, فرهاد اصلانی, پریناز ایزدیار",1,0,0,0,0,0,0,0,0,0,0,0,0,0,0,0,0,0,0,0,0,0,0,0,0,0,0,0,0,0,0,0,0,0,0,0,0,0,0,0,0,0,0
1396,ویلایی‌ها,منیر قیدی,دفاع مقدس,4.3,10.0,سعید ملکان,1162154000.0,"طناز طباطبایی, پریناز ایزدیار, آناهیتا افشار",0,0,0,0,0,0,0,0,0,0,0,0,0,0,0,0,0,1,0,0,0,0,0,0,0,0,0,0,0,0,0,0,0,0,0,0,0,0,0,0,0,0,0
1396,تیک آف,احسان عبدی پور,اجتماعی,4.0,1.0,طهورا ابوالقاسمی,1110389000.0,"مصطفی زمانی, پگاه آهنگرانی, رضا یزدانی",1,0,0,0,0,0,0,0,0,0,0,0,0,0,0,0,0,0,0,0,0,0,0,0,0,0,0,0,0,0,0,0,0,0,0,0,0,0,0,0,0,0,0
1396,حریم شخصی,احمد معظمی,اجتماعی,5.0,2.0,عبدالرضا ساعتچی فرد,873077000.0,"میلاد کی مرام, اندیشه فولادوند, بهنوش بختیاری",1,0,0,0,0,0,0,0,0,0,0,0,0,0,0,0,0,0,0,0,0,0,0,0,0,0,0,0,0,0,0,0,0,0,0,0,0,0,0,0,0,0,0
1396,پل خواب,اکتای براهنی,اجتماعی,3.3,4.0,جهانگیر کوثری,813048000.0,"ساعد سهیلی, هومن سیدی, اکبر زنجانپور",1,0,0,0,0,0,0,0,0,0,0,0,0,0,0,0,0,0,0,0,0,0,0,0,0,0,0,0,0,0,0,0,0,0,0,0,0,0,0,0,0,0,0
1396,آذر,محمد حمزه‌ای,اجتماعی,5.0,2.0,نیکی کریمی,802707000.0,"نیکی کریمی, حمیدرضا آذرنگ, فرید سجادی حسینی",1,0,0,0,0,0,0,0,0,0,0,0,0,0,0,0,0,0,0,0,0,0,0,0,0,0,0,0,0,0,0,0,0,0,0,0,0,0,0,0,0,0,0
1396,کمدی انسانی,محمدهادی کریمی,اجتماعی,2.3,6.0,محمدهادی کریمی,764669000.0,"علیرضا شجاع نوری, هومن سیدی, آرمان درویش",1,0,0,0,0,0,0,0,0,0,0,0,0,0,0,0,0,0,0,0,0,0,0,0,0,0,0,0,0,0,0,0,0,0,0,0,0,0,0,0,0,0,0
1396,خانه کاغذی,مهدی صباغ زاده,اجتماعی,4.0,2.0,تینا پاکروان,611184000.0,"پرویز پرستویی, تینا پاکروان, ثریا قاسمی",1,0,0,0,0,0,0,0,0,0,0,0,0,0,0,0,0,0,0,0,0,0,0,0,0,0,0,0,0,0,0,0,0,0,0,0,0,0,0,0,0,0,0
1396,اسرافیل,آیدا پناهنده,اجتماعی,2.7,3.0,مستانه مهاجر,609118000.0,"هدیه تهرانی, پژمان بازغی, مریلا زارعی",1,0,0,0,0,0,0,0,0,0,0,0,0,0,0,0,0,0,0,0,0,0,0,0,0,0,0,0,0,0,0,0,0,0,0,0,0,0,0,0,0,0,0
1396,شکلاتی,سهیل موفق,کودک و نوجوان,5.0,1.0,ایرج محمدی,571246000.0,"شبنم مقدمی, ناصر هاشمی, محمدرضا هدایتی",0,0,0,0,0,0,0,0,0,0,0,0,0,0,0,0,0,0,0,0,0,0,0,0,0,0,0,0,0,0,0,0,0,0,0,0,0,0,0,0,0,0,1
1396,حقه باز دم دراز,علی رضا محمودزاده,"موزيکال, کودک و نوجوان",2.9,,,518613000.0,"سحر ولدبیگی, احمدرضا اسعدی, مریم شاه ولی",0,0,0,0,0,0,0,0,0,0,0,0,0,0,0,0,0,0,0,0,0,0,0,0,0,0,0,0,0,0,0,0,0,1,0,0,0,0,0,0,0,0,1
1396,زادبوم,ابوالحسن داودی,اجتماعی,2.5,2.0,ابوالحسن داودی,501027000.0,"عزت الله انتظامی, رویا تیموریان, مسعود رایگان",1,0,0,0,0,0,0,0,0,0,0,0,0,0,0,0,0,0,0,0,0,0,0,0,0,0,0,0,0,0,0,0,0,0,0,0,0,0,0,0,0,0,0
1396,امتحان نهایی,عادل یراقی,اجتماعی,3.2,,مصطفی شایسته,403873000.0,"شهاب حسینی, لیلا زارع",1,0,0,0,0,0,0,0,0,0,0,0,0,0,0,0,0,0,0,0,0,0,0,0,0,0,0,0,0,0,0,0,0,0,0,0,0,0,0,0,0,0,0
1396,کارگر ساده نیازمندیم,منوچهر هادی,اجتماعی,3.6,5.0,منوچهر هادی,384353000.0,"آتیلا پسیانی, یکتا ناصر, سیامک صفری",1,0,0,0,0,0,0,0,0,0,0,0,0,0,0,0,0,0,0,0,0,0,0,0,0,0,0,0,0,0,0,0,0,0,0,0,0,0,0,0,0,0,0
1396,صفر تا سکو,سحر مصیبی,مستند,5.0,1.0,طهورا ابوالقاسمی،,383463000.0,"الهه منصوریان, شهربانو منصوریان, سهیلا منصوریان",0,0,0,0,0,0,0,0,0,0,0,0,0,0,0,0,0,0,0,0,0,0,0,0,0,0,0,0,0,0,1,0,0,0,0,0,0,0,0,0,0,0,0
1396,آشوب,کاظم راست گفتار,اجتماعی,3.1,,کاظم راست گفتار,371292000.0,"کورش تهامی, آتیلا پسیانی, یکتا ناصر",1,0,0,0,0,0,0,0,0,0,0,0,0,0,0,0,0,0,0,0,0,0,0,0,0,0,0,0,0,0,0,0,0,0,0,0,0,0,0,0,0,0,0
1396,هاری,امیراحمد انصاری,اجتماعی,4.7,3.0,مهدی مددکار,328983000.0,"میلاد کی مرام, مینا ساداتی, علیرضا کمالی",1,0,0,0,0,0,0,0,0,0,0,0,0,0,0,0,0,0,0,0,0,0,0,0,0,0,0,0,0,0,0,0,0,0,0,0,0,0,0,0,0,0,0
1396,فهرست مقدس,محمد امین همدانی,انيميشن,4.0,2.0,محمد امین همدانی,317066000.0,خسرو خسروشاهی,0,1,0,0,0,0,0,0,0,0,0,0,0,0,0,0,0,0,0,0,0,0,0,0,0,0,0,0,0,0,0,0,0,0,0,0,0,0,0,0,0,0,0
1396,کلیله و دمنه,علیرضا توکلی بینا,کودک و نوجوان,3.0,,زهرا هاشمی بهرمانی,312855000.0,,0,0,0,0,0,0,0,0,0,0,0,0,0,0,0,0,0,0,0,0,0,0,0,0,0,0,0,0,0,0,0,0,0,0,0,0,0,0,0,0,0,0,1
1396,نقطه کور,مهدی گلستانه,اجتماعی,2.0,1.0,مهدی گلستانه,297667000.0,"محمدرضا فروتن, هانیه توسلی, شقایق فراهانی",1,0,0,0,0,0,0,0,0,0,0,0,0,0,0,0,0,0,0,0,0,0,0,0,0,0,0,0,0,0,0,0,0,0,0,0,0,0,0,0,0,0,0
1396,مادری,رقیه توکلی,اجتماعی,4.4,5.0,سیاوش حقیقی,294493000.0,"هومن سیدی, هانیه توسلی, نازنین بیاتی",1,0,0,0,0,0,0,0,0,0,0,0,0,0,0,0,0,0,0,0,0,0,0,0,0,0,0,0,0,0,0,0,0,0,0,0,0,0,0,0,0,0,0
1396,غیرمجاز,حسن یکتاپناه,اجتماعی,5.0,1.0,محمد حسین عامری پویا,273344000.0,"میلاد کی مرام, لیلا زارع, لوون هفتوان",1,0,0,0,0,0,0,0,0,0,0,0,0,0,0,0,0,0,0,0,0,0,0,0,0,0,0,0,0,0,0,0,0,0,0,0,0,0,0,0,0,0,0
1396,آزاد به قید شرط,حسین شهابی,اجتماعی,3.1,,حسین شهابی,262057000.0,"امیر جعفری, شقایق فراهانی, لیلا اوتادی",1,0,0,0,0,0,0,0,0,0,0,0,0,0,0,0,0,0,0,0,0,0,0,0,0,0,0,0,0,0,0,0,0,0,0,0,0,0,0,0,0,0,0
1396,شنل,حسین کندری,اجتماعی,3.5,,علیرضا شجاع نوری,246500000.0,"باران کوثری, بهار کاتوزی, مسعود فروتن",1,0,0,0,0,0,0,0,0,0,0,0,0,0,0,0,0,0,0,0,0,0,0,0,0,0,0,0,0,0,0,0,0,0,0,0,0,0,0,0,0,0,0
1396,اشنوگل,علی سلیمانی سرندی،,دفاع مقدس,2.0,3.0,ابراهیم اصغری,237522000.0,"برزو ارجمند, ماه چهره خلیلی, کاوه سماک باشی",0,0,0,0,0,0,0,0,0,0,0,0,0,0,0,0,0,1,0,0,0,0,0,0,0,0,0,0,0,0,0,0,0,0,0,0,0,0,0,0,0,0,0
1396,فصل نرگس,نگار آذربایجانی,اجتماعی,4.5,2.0,سحر صباغ سرشت,231405000.0,"ریما رامین فر, یکتا ناصر, امیر آقایی",1,0,0,0,0,0,0,0,0,0,0,0,0,0,0,0,0,0,0,0,0,0,0,0,0,0,0,0,0,0,0,0,0,0,0,0,0,0,0,0,0,0,0
1396,وقتی برگشتم …,وحید موسائیان,اجتماعی,3.2,,وحید موسائیان,219969000.0,"رضا کیانیان, رعنا آزادی ور, امید روحانی",1,0,0,0,0,0,0,0,0,0,0,0,0,0,0,0,0,0,0,0,0,0,0,0,0,0,0,0,0,0,0,0,0,0,0,0,0,0,0,0,0,0,0
1396,راز سیاوش,محمد ربانی,انيميشن,3.0,2.0,ناصر روئین تن,215070000.0,,0,1,0,0,0,0,0,0,0,0,0,0,0,0,0,0,0,0,0,0,0,0,0,0,0,0,0,0,0,0,0,0,0,0,0,0,0,0,0,0,0,0,0
1396,مالاریا,پرویز شهبازی,اجتماعی,3.2,,مسعود ردایی,182842000.0,"ساعد سهیلی, ساغر قناعت, آذرخش فراهانی",1,0,0,0,0,0,0,0,0,0,0,0,0,0,0,0,0,0,0,0,0,0,0,0,0,0,0,0,0,0,0,0,0,0,0,0,0,0,0,0,0,0,0
1396,گذر موقت,,"اجتماعی, کمدی",4.5,2.0,مهدی رحمانی,176033000.0,"اسماعیل محرابی, مسعود کرامتی, شقایق دهقان",1,0,0,0,0,0,0,0,0,0,0,0,0,0,0,0,0,0,0,0,0,0,0,0,0,0,0,0,0,0,0,0,0,0,0,0,0,0,0,0,1,0,0
1396,انزوا,مرتضی علی عباس میرزایی,اجتماعی,3.5,2.0,پیمان جعفری,117637000.0,"امیرعلی دانایی, نادر فلاح, بهنوش بختیاری",1,0,0,0,0,0,0,0,0,0,0,0,0,0,0,0,0,0,0,0,0,0,0,0,0,0,0,0,0,0,0,0,0,0,0,0,0,0,0,0,0,0,0
1396,افسانه گل آباد,محمدرضا عباس نژاد,"موزيکال, کمدی",2.8,,سید مهدی میرفخرایی,101994000.0,"فلور نظری, فرهاد بشارتی, سوسن پرور",0,0,0,0,0,0,0,0,0,0,0,0,0,0,0,0,0,0,0,0,0,0,0,0,0,0,0,0,0,0,0,0,0,1,0,0,0,0,0,0,1,0,0
1396,ماجان,رحمان سیفی آزاد,اجتماعی,1.0,1.0,,96023000.0,"مهتاب کرامتی, فرهاد اصلانی, سیما تیرانداز",1,0,0,0,0,0,0,0,0,0,0,0,0,0,0,0,0,0,0,0,0,0,0,0,0,0,0,0,0,0,0,0,0,0,0,0,0,0,0,0,0,0,0
1396,آپاندیس,حسین نمازی,اجتماعی,3.7,3.0,مقصود جباری,60472000.0,"آنا نعمتی, امیرعلی دانایی, رضا اکبرپور",1,0,0,0,0,0,0,0,0,0,0,0,0,0,0,0,0,0,0,0,0,0,0,0,0,0,0,0,0,0,0,0,0,0,0,0,0,0,0,0,0,0,0
1396,دو عروس,,اجتماعی,2.3,,علی ژکان,57751000.0,"دانیال عبادی, افسانه پاکرو, سولماز آقمقانی",1,0,0,0,0,0,0,0,0,0,0,0,0,0,0,0,0,0,0,0,0,0,0,0,0,0,0,0,0,0,0,0,0,0,0,0,0,0,0,0,0,0,0
1396,شاخ کرگدن,محسن محسنی نسب,اجتماعی,2.6,,محسن محسنی نسب,37533000.0,"پژمان بازغی, انوشیروان محسنی, شقایق کفایی",1,0,0,0,0,0,0,0,0,0,0,0,0,0,0,0,0,0,0,0,0,0,0,0,0,0,0,0,0,0,0,0,0,0,0,0,0,0,0,0,0,0,0
1396,پینوکیو، عاموسردار و رییسعلی,سیدرضا صافی,کودک و نوجوان,4.2,,ناصر عنصری,36623000.0,"حجت شورکی, حسین قفلی, جوهر تنگستانی",0,0,0,0,0,0,0,0,0,0,0,0,0,0,0,0,0,0,0,0,0,0,0,0,0,0,0,0,0,0,0,0,0,0,0,0,0,0,0,0,0,0,1
1396,مالیخولیا,مرتضی آتش زمزم,اجتماعی,2.6,,,35241000.0,"محمدرضا هدایتی, لیلا اوتادی, لاله اسکندری",1,0,0,0,0,0,0,0,0,0,0,0,0,0,0,0,0,0,0,0,0,0,0,0,0,0,0,0,0,0,0,0,0,0,0,0,0,0,0,0,0,0,0
1396,بلوک۹ خروجی۲,علیرضا امینی,اجتماعی,1.5,2.0,محمدرضا شریفی‌ نیا،,33542000.0,"امیر جعفری, الهام کردا, شبنم مقدمی",1,0,0,0,0,0,0,0,0,0,0,0,0,0,0,0,0,0,0,0,0,0,0,0,0,0,0,0,0,0,0,0,0,0,0,0,0,0,0,0,0,0,0
1396,مسلخ,اصغر نصیری,اجتماعی,3.0,2.0,اصغر نصیری,28483000.0,"نیما شاهرخ شاهی, نرگس محمدی, پرستو صالحی",1,0,0,0,0,0,0,0,0,0,0,0,0,0,0,0,0,0,0,0,0,0,0,0,0,0,0,0,0,0,0,0,0,0,0,0,0,0,0,0,0,0,0
1396,دریاچه ماهی,مریم دوستی,دفاع مقدس,5.0,1.0,سعید سعدی,26722000.0,"نادر فلاح, ستاره اسکندری, حدیثه تهرانی",0,0,0,0,0,0,0,0,0,0,0,0,0,0,0,0,0,1,0,0,0,0,0,0,0,0,0,0,0,0,0,0,0,0,0,0,0,0,0,0,0,0,0
1396,من یک ایرانی ام,محمدرضا آهنج,"اجتماعی, ورزشي",2.5,2.0,احمد نجفی,23174000.0,"علیرضا حیدری, شاهرخ فروتنیان, رضا توکلی",1,0,0,0,0,0,0,0,0,0,0,0,0,0,0,0,0,0,0,0,0,0,0,0,0,0,0,0,0,0,0,0,0,0,0,0,0,1,0,0,0,0,0
1396,کبریت سوخته,کاظم معصومی,اجتماعی,2.5,2.0,امیرحسین شریفی,20262000.0,"شاهرخ استخری, نیما شاهرخ شاهی, لیلا اوتادی",1,0,0,0,0,0,0,0,0,0,0,0,0,0,0,0,0,0,0,0,0,0,0,0,0,0,0,0,0,0,0,0,0,0,0,0,0,0,0,0,0,0,0
1396,آرمانشهر,حسن ناظر,حادثه اي,1.0,1.0,محسن علی اکبری,12712000.0,"همایون ارشادی, ملالی ذکریا, آندرو شاور",0,0,0,0,0,0,0,0,0,0,0,0,1,0,0,0,0,0,0,0,0,0,0,0,0,0,0,0,0,0,0,0,0,0,0,0,0,0,0,0,0,0,0
1396,رقص پا,مزدک میرعابدینی,اجتماعی,1.0,1.0,محمد احمدی,11657000.0,"مزدک میرعابدینی, حمیدرضا پگاه, افسر اسدی",1,0,0,0,0,0,0,0,0,0,0,0,0,0,0,0,0,0,0,0,0,0,0,0,0,0,0,0,0,0,0,0,0,0,0,0,0,0,0,0,0,0,0
1396,اشک نرگس,احمد عبداللهیان,دفاع مقدس,1.0,1.0,احمد عبداللهیان,9653000.0,"نگین معتضدی, شراره رخام, محمود مقامی",0,0,0,0,0,0,0,0,0,0,0,0,0,0,0,0,0,1,0,0,0,0,0,0,0,0,0,0,0,0,0,0,0,0,0,0,0,0,0,0,0,0,0
1396,ماه در جنگل,سیامک شایقی,اجتماعی,3.0,2.0,سیامک شایقی,6178000.0,"لادن مستوفی, آزیتا حاجیان, فربد فرهنگ",1,0,0,0,0,0,0,0,0,0,0,0,0,0,0,0,0,0,0,0,0,0,0,0,0,0,0,0,0,0,0,0,0,0,0,0,0,0,0,0,0,0,0
1396,قلب سفید قاصدک‌ها,افشین محمودی,اجتماعی,3.0,6.0,علی روئین تن,84000.0,"ماه چهره خلیلی, حبیب بختیاری, کاظم روزی طلب",1,0,0,0,0,0,0,0,0,0,0,0,0,0,0,0,0,0,0,0,0,0,0,0,0,0,0,0,0,0,0,0,0,0,0,0,0,0,0,0,0,0,0
1397,هزارپا,ابوالحسن داودی,کمدی,4.5,132.0,رضا رخشان,38048152000.0,"رضا عطاران, جواد عزتی, سارا بهرامی",0,0,0,0,0,0,0,0,0,0,0,0,0,0,0,0,0,0,0,0,0,0,0,0,0,0,0,0,0,0,0,0,0,0,0,0,0,0,0,0,1,0,0
1397,مصادره,مهران احمدی,کمدی,3.4,42.0,محمدحسین قاسمی,15696489000.0,"رضا عطاران, هومن سیدی, بابک حمیدیان",0,0,0,0,0,0,0,0,0,0,0,0,0,0,0,0,0,0,0,0,0,0,0,0,0,0,0,0,0,0,0,0,0,0,0,0,0,0,0,0,1,0,0
1397,لاتاری.,محمدحسین مهدویان,اجتماعی,4.1,78.0,سید محمود رضوی,14800676000.0,"هادی حجازی فر, ساعد سهیلی, زیبا کرمعلی",1,0,0,0,0,0,0,0,0,0,0,0,0,0,0,0,0,0,0,0,0,0,0,0,0,0,0,0,0,0,0,0,0,0,0,0,0,0,0,0,0,0,0
1397,تگزاس,,کمدی,4.0,49.0,ابراهیم عامریان,14425664000.0,"پژمان جمشیدی, سام درخشانی, حمید فرخ نژاد",0,0,0,0,0,0,0,0,0,0,0,0,0,0,0,0,0,0,0,0,0,0,0,0,0,0,0,0,0,0,0,0,0,0,0,0,0,0,0,0,1,0,0
1397,به وقت شام,ابراهیم حاتمی کیا,"اجتماعی, سياسي",4.2,44.0,محمد خزاعی,13057802000.0,"هادی حجازی فر, بابک حمیدیان, لاله مرزبان",1,0,0,0,0,0,0,0,0,0,0,0,0,0,0,0,0,0,0,0,0,0,1,0,0,0,0,0,0,0,0,0,0,0,0,0,0,0,0,0,0,0,0
1397,مغزهای کوچک زنگ زده,هومن سیدی,اجتماعی,4.5,70.0,سعید سعدی,12765864000.0,"نوید محمدزاده, فرهاد اصلانی, فرید سجادی حسینی",1,0,0,0,0,0,0,0,0,0,0,0,0,0,0,0,0,0,0,0,0,0,0,0,0,0,0,0,0,0,0,0,0,0,0,0,0,0,0,0,0,0,0
1397,قانون مورفی,رامبد جوان,کمدی,3.3,55.0,محمد شایسته,9656543000.0,"امیر جدیدی, امیر جعفری, رامبد جوان",0,0,0,0,0,0,0,0,0,0,0,0,0,0,0,0,0,0,0,0,0,0,0,0,0,0,0,0,0,0,0,0,0,0,0,0,0,0,0,0,1,0,0
1397,لونه زنبور,برزو نیک نژاد,کمدی,4.1,26.0,سعید خانی,9145892000.0,"پژمان جمشیدی, محسن کیایی, بهاره کیان افشار",0,0,0,0,0,0,0,0,0,0,0,0,0,0,0,0,0,0,0,0,0,0,0,0,0,0,0,0,0,0,0,0,0,0,0,0,0,0,0,0,1,0,0
1397,فیلشاه,,انيميشن,4.1,12.0,حامد جعفری,7907319000.0,"سعید شیخ زاده, بهرام زند, ناصر طهماسب",0,1,0,0,0,0,0,0,0,0,0,0,0,0,0,0,0,0,0,0,0,0,0,0,0,0,0,0,0,0,0,0,0,0,0,0,0,0,0,0,0,0,0
1397,لس آنجلس تهران,تینا پاکروان,کمدی,2.5,25.0,تینا پاکروان,7177180000.0,"پرویز پرستویی, مهناز افشار, گوهر خیراندیش",0,0,0,0,0,0,0,0,0,0,0,0,0,0,0,0,0,0,0,0,0,0,0,0,0,0,0,0,0,0,0,0,0,0,0,0,0,0,0,0,1,0,0
1397,بمب؛ یک عاشقانه,پیمان معادی,اجتماعی,4.0,30.0,احسان رسول‌اف،,6845145000.0,"پیمان معادی, لیلا حاتمی, حبیب رضایی",1,0,0,0,0,0,0,0,0,0,0,0,0,0,0,0,0,0,0,0,0,0,0,0,0,0,0,0,0,0,0,0,0,0,0,0,0,0,0,0,0,0,0
1397,مارموز,کمال تبریزی,کمدی,3.1,19.0,جواد نوروزبیگی,6554280000.0,"حامد بهداد, ویشکا آسایش, مانی حقیقی",0,0,0,0,0,0,0,0,0,0,0,0,0,0,0,0,0,0,0,0,0,0,0,0,0,0,0,0,0,0,0,0,0,0,0,0,0,0,0,0,1,0,0
1397,تنگه ابوقریب,بهرام توکلی,دفاع مقدس,4.4,39.0,سعید ملکان,5646681000.0,"جواد عزتی, امیر جدیدی, حمیدرضا آذرنگ",0,0,0,0,0,0,0,0,0,0,0,0,0,0,0,0,0,1,0,0,0,0,0,0,0,0,0,0,0,0,0,0,0,0,0,0,0,0,0,0,0,0,0
1397,کلمبوس,هاتف علیمردانی,کمدی,2.7,14.0,هاتف علیمردانی,5008369000.0,"فرهاد اصلانی, سعید پورصمیمی, مجید صالحی",0,0,0,0,0,0,0,0,0,0,0,0,0,0,0,0,0,0,0,0,0,0,0,0,0,0,0,0,0,0,0,0,0,0,0,0,0,0,0,0,1,0,0
1397,خجالت نکش,رضا مقصودی,کمدی,4.3,41.0,امیر پروین حسینی,4560357000.0,"شبنم مقدمی, احمد مهرانفر, سام درخشانی",0,0,0,0,0,0,0,0,0,0,0,0,0,0,0,0,0,0,0,0,0,0,0,0,0,0,0,0,0,0,0,0,0,0,0,0,0,0,0,0,1,0,0
1397,پارادایس,علی عطشانی,کمدی,3.3,20.0,علی عطشانی,4537359000.0,"جواد عزتی, مهران رجبی, محمدعلی نجفیان",0,0,0,0,0,0,0,0,0,0,0,0,0,0,0,0,0,0,0,0,0,0,0,0,0,0,0,0,0,0,0,0,0,0,0,0,0,0,0,0,1,0,0
1397,پیشونی سفید ۲,سیدجواد هاشمی,کودک و نوجوان,3.7,6.0,,4192614000.0,"ترلان پروانه, ارسلان قاسمی, محمدرضا شریفی‌ نیا",0,0,0,0,0,0,0,0,0,0,0,0,0,0,0,0,0,0,0,0,0,0,0,0,0,0,0,0,0,0,0,0,0,0,0,0,0,0,0,0,0,0,1
1397,لازانیا,حسین قناعت,کمدی,3.6,12.0,احمد احمدی,4170227000.0,"سید جواد رضویان, یوسف صیادی, نفیسه روشن",0,0,0,0,0,0,0,0,0,0,0,0,0,0,0,0,0,0,0,0,0,0,0,0,0,0,0,0,0,0,0,0,0,0,0,0,0,0,0,0,1,0,0
1397,آشغال‌‌های دوست داشتنی,محسن امیریوسفی,اجتماعی,3.5,35.0,محسن امیریوسفی,3813616000.0,"شیرین یزدان بخش, صابر ابر, هدیه تهرانی",1,0,0,0,0,0,0,0,0,0,0,0,0,0,0,0,0,0,0,0,0,0,0,0,0,0,0,0,0,0,0,0,0,0,0,0,0,0,0,0,0,0,0
1397,هشتگ,رحیم بهبودی فر,کمدی,4.0,4.0,محمدعلى کیانى,3707437000.0,"نیوشا ضیغمی, بهاره رهنما, حدیث فولادوند",0,0,0,0,0,0,0,0,0,0,0,0,0,0,0,0,0,0,0,0,0,0,0,0,0,0,0,0,0,0,0,0,0,0,0,0,0,0,0,0,1,0,0
1397,دشمن زن,کریم امینی,کمدی,3.4,9.0,عبدالله علیخانی,3187440000.0,"سام درخشانی, الناز حبیبی, گوهر خیراندیش",0,0,0,0,0,0,0,0,0,0,0,0,0,0,0,0,0,0,0,0,0,0,0,0,0,0,0,0,0,0,0,0,0,0,0,0,0,0,0,0,1,0,0
1397,عصبانی نیستم!,رضا درمیشیان,اجتماعی,4.1,14.0,رضا درمیشیان,3066346000.0,"نوید محمدزاده, باران کوثری, رضا بهبودی",1,0,0,0,0,0,0,0,0,0,0,0,0,0,0,0,0,0,0,0,0,0,0,0,0,0,0,0,0,0,0,0,0,0,0,0,0,0,0,0,0,0,0
1397,چهار راه استانبول,مصطفی کیایی,اجتماعی,3.7,15.0,مصطفی کیایی,3062306000.0,"بهرام رادان, محسن کیایی, ماهور الوند",1,0,0,0,0,0,0,0,0,0,0,0,0,0,0,0,0,0,0,0,0,0,0,0,0,0,0,0,0,0,0,0,0,0,0,0,0,0,0,0,0,0,0
1397,خانم یایا,عبدالرضا کاهانی,اجتماعی,1.4,24.0,حمید پنداشته,3012252000.0,"حمید فرخ نژاد, رضا عطاران, امین حیایی",1,0,0,0,0,0,0,0,0,0,0,0,0,0,0,0,0,0,0,0,0,0,0,0,0,0,0,0,0,0,0,0,0,0,0,0,0,0,0,0,0,0,0
1397,پاستاریونی,سهیل موفق,"خانوادگي, کودک",4.4,9.0,بیتا منصوری,2547340000.0,"سام درخشانی, بهاره رهنما, گوهر خیراندیش",0,0,0,0,0,0,0,0,0,0,0,0,0,0,1,0,0,0,0,0,0,0,0,0,0,0,0,0,0,0,0,0,0,0,0,0,0,0,0,0,0,1,0
1397,دم سرخ‌ها,آرش معیریان,کمدی,3.8,4.0,سعید سعدی,2511186000.0,"سید جواد رضویان, اندیشه فولادوند, رضا شفیعی جم",0,0,0,0,0,0,0,0,0,0,0,0,0,0,0,0,0,0,0,0,0,0,0,0,0,0,0,0,0,0,0,0,0,0,0,0,0,0,0,0,1,0,0
1397,تخته گاز,محمد آهنگرانی,کمدی,3.2,5.0,مسعود تکیه,2431029000.0,"سام درخشانی, لیلا اوتادی, الهام حمیدی",0,0,0,0,0,0,0,0,0,0,0,0,0,0,0,0,0,0,0,0,0,0,0,0,0,0,0,0,0,0,0,0,0,0,0,0,0,0,0,0,1,0,0
1397,کاتیوشا.,علی عطشانی,کمدی,3.6,14.0,علی عطشانی,2402261000.0,"هادی حجازی فر, احمد مهرانفر, میترا حجار",0,0,0,0,0,0,0,0,0,0,0,0,0,0,0,0,0,0,0,0,0,0,0,0,0,0,0,0,0,0,0,0,0,0,0,0,0,0,0,0,1,0,0
1397,خاله قورباغه,,کودک و نوجوان,3.0,6.0,فرشته طائرپور,2386427000.0,"شبنم مقدمی, مرضیه برومند, غزل شاکری",0,0,0,0,0,0,0,0,0,0,0,0,0,0,0,0,0,0,0,0,0,0,0,0,0,0,0,0,0,0,0,0,0,0,0,0,0,0,0,0,0,0,1
1397,دارکوب,بهروز شعیبی,اجتماعی,3.9,14.0,سید محمود رضوی,2162494000.0,"امین حیایی, سارا بهرامی, مهناز افشار",1,0,0,0,0,0,0,0,0,0,0,0,0,0,0,0,0,0,0,0,0,0,0,0,0,0,0,0,0,0,0,0,0,0,0,0,0,0,0,0,0,0,0
1397,عرق سرد,سهیل بیرقی,اجتماعی,3.9,18.0,مهدی داوری,2046774000.0,"باران کوثری, امیر جدیدی, هدی زین العابدین",1,0,0,0,0,0,0,0,0,0,0,0,0,0,0,0,0,0,0,0,0,0,0,0,0,0,0,0,0,0,0,0,0,0,0,0,0,0,0,0,0,0,0
1397,خرگیوش,مانی باغبانی,کمدی,2.5,8.0,حبیب اسماعیلی,2017925000.0,"بابک حمیدیان, جواد عزتی, سیامک انصاری",0,0,0,0,0,0,0,0,0,0,0,0,0,0,0,0,0,0,0,0,0,0,0,0,0,0,0,0,0,0,0,0,0,0,0,0,0,0,0,0,1,0,0
1397,دزد و پری ۲,حسین قناعت,کودک و نوجوان,2.5,4.0,بهروز مفید,1746089000.0,"امیرحسین صدیق, شقایق فراهانی, ارژنگ امیرفضلی",0,0,0,0,0,0,0,0,0,0,0,0,0,0,0,0,0,0,0,0,0,0,0,0,0,0,0,0,0,0,0,0,0,0,0,0,0,0,0,0,0,0,1
1397,آستیگمات,مجیدرضا مصطفوی,اجتماعی,2.9,17.0,مجیدرضا مصطفوی,1614455000.0,"محسن کیایی, باران کوثری, نیکی کریمی",1,0,0,0,0,0,0,0,0,0,0,0,0,0,0,0,0,0,0,0,0,0,0,0,0,0,0,0,0,0,0,0,0,0,0,0,0,0,0,0,0,0,0
1397,هت تریک,رامتین لوافی,اجتماعی,3.8,21.0,مجید مطلبی,1563183000.0,"صابر ابر, امیر جدیدی, پریناز ایزدیار",1,0,0,0,0,0,0,0,0,0,0,0,0,0,0,0,0,0,0,0,0,0,0,0,0,0,0,0,0,0,0,0,0,0,0,0,0,0,0,0,0,0,0
1397,دلم می‌خواد,بهمن فرمان آرا,کمدی,2.7,7.0,علی تقی پور,1540641000.0,"رضا کیانیان, مهناز افشار, محمدرضا گلزار",0,0,0,0,0,0,0,0,0,0,0,0,0,0,0,0,0,0,0,0,0,0,0,0,0,0,0,0,0,0,0,0,0,0,0,0,0,0,0,0,1,0,0
1397,گرگ بازی,عباس نظام دوست,"اجتماعی, معمايي",3.8,6.0,محمدعلی نجفی,1287174000.0,"نگار جواهریان, احسان گودرزی, هانیه توسلی",1,0,0,0,0,0,0,0,0,0,0,0,0,0,0,0,0,0,0,0,0,0,0,0,0,0,0,0,0,0,0,1,0,0,0,0,0,0,0,0,0,0,0
1397,وای آمپول,علی رضا محمودزاده,کمدی,1.5,6.0,,1233416000.0,"علی صادقی, شهرام قائدی, رضا شفیعی جم",0,0,0,0,0,0,0,0,0,0,0,0,0,0,0,0,0,0,0,0,0,0,0,0,0,0,0,0,0,0,0,0,0,0,0,0,0,0,0,0,1,0,0
1397,خوک,مانی حقیقی,اجتماعی,3.3,18.0,مانی حقیقی,1185978000.0,"لیلا حاتمی, علی مصفا, مینا جعفرزاده",1,0,0,0,0,0,0,0,0,0,0,0,0,0,0,0,0,0,0,0,0,0,0,0,0,0,0,0,0,0,0,0,0,0,0,0,0,0,0,0,0,0,0
1397,اتاق تاریک,روح‌الله حجازی,اجتماعی,3.5,12.0,روح‌الله حجازی,1178805000.0,"ساره بیات, رضا احمدی, ساعد سهیلی",1,0,0,0,0,0,0,0,0,0,0,0,0,0,0,0,0,0,0,0,0,0,0,0,0,0,0,0,0,0,0,0,0,0,0,0,0,0,0,0,0,0,0
1397,میلیونر میامی,مصطفی احمدی,"اجتماعی, کمدی",3.8,4.0,سعید ملکان,1165402000.0,"حمید فرخ نژاد, طناز طباطبایی, صابر ابر",1,0,0,0,0,0,0,0,0,0,0,0,0,0,0,0,0,0,0,0,0,0,0,0,0,0,0,0,0,0,0,0,0,0,0,0,0,0,0,0,1,0,0
1397,جن زیبا,بایرام فضلی,اجتماعی,3.3,4.0,مهرداد فرید,1142948000.0,"فرهاد اصلانی, لیلا زارع, لیلا موسوی",1,0,0,0,0,0,0,0,0,0,0,0,0,0,0,0,0,0,0,0,0,0,0,0,0,0,0,0,0,0,0,0,0,0,0,0,0,0,0,0,0,0,0
1397,به وقت خماری,محمدحسین لطیفی,کمدی,4.0,3.0,جمال گلی,1094025000.0,"هومن برق نورد, بهروز بقایی, پوریا پورسرخ",0,0,0,0,0,0,0,0,0,0,0,0,0,0,0,0,0,0,0,0,0,0,0,0,0,0,0,0,0,0,0,0,0,0,0,0,0,0,0,0,1,0,0
1397,شعله ور,حمید نعمت الله,اجتماعی,3.0,15.0,محمدرضا شفیعی,1045825000.0,"امین حیایی, دارا حیایی, زری خوشکام",1,0,0,0,0,0,0,0,0,0,0,0,0,0,0,0,0,0,0,0,0,0,0,0,0,0,0,0,0,0,0,0,0,0,0,0,0,0,0,0,0,0,0
1397,مستطیل قرمز,حسن صیدخانی،,,3.3,22.0,,1042613500.0,"اندیشه فولادوند, مهدی اسدی, علی اوسیوند",0,0,0,0,0,0,0,0,0,0,0,0,0,0,0,0,0,0,0,0,0,0,0,0,0,0,0,0,0,0,0,0,0,0,0,0,0,0,0,0,0,0,0
1397,ماموریت غیر ممکن,یعقوب غفاری,"اجتماعی, کمدی",3.5,2.0,محمود فلاح,586134000.0,"علی اوجی, مهران رجبی, سارا خوئینی‌ها",1,0,0,0,0,0,0,0,0,0,0,0,0,0,0,0,0,0,0,0,0,0,0,0,0,0,0,0,0,0,0,0,0,0,0,0,0,0,0,0,1,0,0
1397,جاده قدیم,منیژه حکمت,اجتماعی,3.0,2.0,منیژه حکمت,577547000.0,"مهتاب کرامتی, آتیلا پسیانی, ترلان پروانه",1,0,0,0,0,0,0,0,0,0,0,0,0,0,0,0,0,0,0,0,0,0,0,0,0,0,0,0,0,0,0,0,0,0,0,0,0,0,0,0,0,0,0
1397,فراری,علیرضا داوودنژاد,اجتماعی,3.2,6.0,جهانگیر کوثری,531042000.0,"ترلان پروانه, محسن تنابنده, محمدرضا داوودنژاد",1,0,0,0,0,0,0,0,0,0,0,0,0,0,0,0,0,0,0,0,0,0,0,0,0,0,0,0,0,0,0,0,0,0,0,0,0,0,0,0,0,0,0
1397,سرو زیر آب,محمد علی باشه آهنگر,دفاع مقدس,2.8,5.0,,501750000.0,"بابک حمیدیان, مسعود رایگان, رضا بهبودی",0,0,0,0,0,0,0,0,0,0,0,0,0,0,0,0,0,1,0,0,0,0,0,0,0,0,0,0,0,0,0,0,0,0,0,0,0,0,0,0,0,0,0
1397,درساژ,پویا بادکوبه,اجتماعی,4.3,4.0,روح الله،,496981000.0,"علی مصفا, شبنم مقدمی, نگار مقدم",1,0,0,0,0,0,0,0,0,0,0,0,0,0,0,0,0,0,0,0,0,0,0,0,0,0,0,0,0,0,0,0,0,0,0,0,0,0,0,0,0,0,0
1397,من دیوانه نیستم,علیرضا امینی,اجتماعی,4.5,2.0,مرتضی شایسته,394283000.0,"مهران احمدی, مجید صالحی, برزو ارجمند",1,0,0,0,0,0,0,0,0,0,0,0,0,0,0,0,0,0,0,0,0,0,0,0,0,0,0,0,0,0,0,0,0,0,0,0,0,0,0,0,0,0,0
1397,داش آکل,محمد عرب,اجتماعی,3.7,3.0,محمد عرب,345018000.0,"حسین یاری, مهران غفوریان, محمدرضا شریفی‌ نیا",1,0,0,0,0,0,0,0,0,0,0,0,0,0,0,0,0,0,0,0,0,0,0,0,0,0,0,0,0,0,0,0,0,0,0,0,0,0,0,0,0,0,0
1397,سوء تفاهم,احمدرضا معتمدی,اجتماعی,1.8,5.0,جلیل شعبانی,322115000.0,"کامبیز دیرباز, اکبر عبدی, هانیه توسلی",1,0,0,0,0,0,0,0,0,0,0,0,0,0,0,0,0,0,0,0,0,0,0,0,0,0,0,0,0,0,0,0,0,0,0,0,0,0,0,0,0,0,0
1397,ترانه,مهدی صاحبی,اجتماعی,3.2,,محمدتقی انصاری,272698000.0,"اندیشه فولادوند, مریم معصومی, نازنین فراهانی",1,0,0,0,0,0,0,0,0,0,0,0,0,0,0,0,0,0,0,0,0,0,0,0,0,0,0,0,0,0,0,0,0,0,0,0,0,0,0,0,0,0,0
1397,همه چی عادیه,محسن دامادی,"اجتماعی, کمدی",3.0,4.0,محسن دامادی,261191000.0,"عباس غزالی, پژمان بازغی, سحر قریشی",1,0,0,0,0,0,0,0,0,0,0,0,0,0,0,0,0,0,0,0,0,0,0,0,0,0,0,0,0,0,0,0,0,0,0,0,0,0,0,0,1,0,0
1397,سوفی و دیوانه,مهدی کرم پور,اجتماعی,5.0,2.0,مهدی کرم پور,229505000.0,"امیر جعفری, محمدرضا شریفی‌ نیا, سیامک صفری",1,0,0,0,0,0,0,0,0,0,0,0,0,0,0,0,0,0,0,0,0,0,0,0,0,0,0,0,0,0,0,0,0,0,0,0,0,0,0,0,0,0,0
1397,جشن دلتنگی,پوریا آذربایجانی,اجتماعی,3.0,1.0,سید علی قائم‌مقامی,208463000.0,"محسن کیایی, بابک حمیدیان, مینا ساداتی",1,0,0,0,0,0,0,0,0,0,0,0,0,0,0,0,0,0,0,0,0,0,0,0,0,0,0,0,0,0,0,0,0,0,0,0,0,0,0,0,0,0,0
1397,آن‌سوی ابرها,مجید مجیدی,اجتماعی,3.3,,شارین مانتری کدیا،,208224000.0,"ایشان خاطر, مالاویکا موهانان, تانیشتا چاتراجه",1,0,0,0,0,0,0,0,0,0,0,0,0,0,0,0,0,0,0,0,0,0,0,0,0,0,0,0,0,0,0,0,0,0,0,0,0,0,0,0,0,0,0
1397,ماهورا,حمید زرگرنژاد,"اجتماعی, دفاع مقدس",3.3,6.0,حمید آخوندی,206418000.0,"میترا حجار, بهاره کیان افشار, محسن افشانی",1,0,0,0,0,0,0,0,0,0,0,0,0,0,0,0,0,1,0,0,0,0,0,0,0,0,0,0,0,0,0,0,0,0,0,0,0,0,0,0,0,0,0
1397,آخرین بار کی سحر را دیدی؟,فرزاد موتمن,"اجتماعی, پليسي",3.5,4.0,سعید عصمتی,163377000.0,"فریبرز عرب نیا, آناهیتا درگاهی, آتیلا پسیانی",1,0,0,0,0,0,0,0,0,0,0,0,0,0,0,0,0,0,0,0,0,0,0,0,0,0,0,0,0,0,0,0,0,0,0,0,0,0,1,0,0,0,0
1397,در وجه حامل,بهمن کامیار,اجتماعی,3.0,1.0,مصطفی کیایی,149273000.0,"ژاله صامتی, محمدرضا غفاری, بابک بهشاد",1,0,0,0,0,0,0,0,0,0,0,0,0,0,0,0,0,0,0,0,0,0,0,0,0,0,0,0,0,0,0,0,0,0,0,0,0,0,0,0,0,0,0
1397,پشت دیوار سکوت,مسعود جعفری جوزانی,اجتماعی,3.0,2.0,فتح الله جعفری جوزانی،,142005000.0,"سحر جعفری جوزانی, آرمان درویش, مهدی احمدی",1,0,0,0,0,0,0,0,0,0,0,0,0,0,0,0,0,0,0,0,0,0,0,0,0,0,0,0,0,0,0,0,0,0,0,0,0,0,0,0,0,0,0
1397,در مسیر باران,حامد کاتبی,انيميشن,4.5,2.0,مریم چوپان زاده,139752000.0,"امین زندگانی, رحیم نوروزی, محمدرضا شیرخانلو",0,1,0,0,0,0,0,0,0,0,0,0,0,0,0,0,0,0,0,0,0,0,0,0,0,0,0,0,0,0,0,0,0,0,0,0,0,0,0,0,0,0,0
1397,ضربه فنی,غلامرضا رمضانی,"کودک, کودک و نوجوان",3.2,,کانون پرورش فکری کودک،,125491000.0,"نسیم ادبی, سیروس همتی, مجید نوروزی",0,0,0,0,0,0,0,0,0,0,0,0,0,0,0,0,0,0,0,0,0,0,0,0,0,0,0,0,0,0,0,0,0,0,0,0,0,0,0,0,0,1,1
1397,شماره ۱۷ سهیلا,محمود غفاری,اجتماعی,5.0,2.0,سید امیر سیدزاده,115875000.0,"زهرا داوودنژاد, بابک حمیدیان, احسان امانی",1,0,0,0,0,0,0,0,0,0,0,0,0,0,0,0,0,0,0,0,0,0,0,0,0,0,0,0,0,0,0,0,0,0,0,0,0,0,0,0,0,0,0
1397,مرداد,بهمن کامیار,اجتماعی,3.2,,محمود فلاح,111678000.0,"محمدرضا فروتن, مهتاب کرامتی, رعنا آزادی ور",1,0,0,0,0,0,0,0,0,0,0,0,0,0,0,0,0,0,0,0,0,0,0,0,0,0,0,0,0,0,0,0,0,0,0,0,0,0,0,0,0,0,0
1397,سندباد و سارا,غلامرضا آزادی,"کودک, کودک و نوجوان",3.1,,فریال بهزاد,89958000.0,"مهدی امینی خواه, آیدا نامجو, شهرام لاسمی",0,0,0,0,0,0,0,0,0,0,0,0,0,0,0,0,0,0,0,0,0,0,0,0,0,0,0,0,0,0,0,0,0,0,0,0,0,0,0,0,0,1,1
1397,بی نامی,علیرضا صمدی,اجتماعی,3.5,2.0,مجید رضابالا,83282000.0,"باران کوثری, حسن معجونی, پوریا رحیمی سام",1,0,0,0,0,0,0,0,0,0,0,0,0,0,0,0,0,0,0,0,0,0,0,0,0,0,0,0,0,0,0,0,0,0,0,0,0,0,0,0,0,0,0
1397,امین و اکوان,زحل رضوی,"موزيکال, انيميشن, موزيکال",3.5,6.0,مهدی صفارپور,81570000.0,"فرزادشیرمحمدی, محمد مهدی قاهری, محسن زرابادی پور",0,1,0,0,0,0,0,0,0,0,0,0,0,0,0,0,0,0,0,0,0,0,0,0,0,0,0,0,0,0,0,0,0,1,0,0,0,0,0,0,0,0,0
1397,ناخواسته,برزو نیک نژاد,اجتماعی,3.1,,سید امیر سیدزاده,72312000.0,"مهتاب کرامتی, مهرداد صدیقیان, الناز حبیبی",1,0,0,0,0,0,0,0,0,0,0,0,0,0,0,0,0,0,0,0,0,0,0,0,0,0,0,0,0,0,0,0,0,0,0,0,0,0,0,0,0,0,0
1397,یک کیلو و بیست و یک گرم,رحیم طوفان,اجتماعی,3.0,4.0,وحید نیکخواه آزاد,61071000.0,"لیلا زارع, سعید آقاخانی, فرشته صدرعرفایی",1,0,0,0,0,0,0,0,0,0,0,0,0,0,0,0,0,0,0,0,0,0,0,0,0,0,0,0,0,0,0,0,0,0,0,0,0,0,0,0,0,0,0
1397,راه رفتن روی سیم,احمدرضا معتمدی,اجتماعی,3.1,,سعید سعدی,54906000.0,"احمد مهرانفر, هومن برق نورد, اندیشه فولادوند",1,0,0,0,0,0,0,0,0,0,0,0,0,0,0,0,0,0,0,0,0,0,0,0,0,0,0,0,0,0,0,0,0,0,0,0,0,0,0,0,0,0,0
1397,بهشت گمشده,حمید سلیمیان,اجتماعی,3.8,,محمدصادق آذین,45967000.0,"فرامرز قریبیان, افسانه پاکرو, متین ستوده",1,0,0,0,0,0,0,0,0,0,0,0,0,0,0,0,0,0,0,0,0,0,0,0,0,0,0,0,0,0,0,0,0,0,0,0,0,0,0,0,0,0,0
1397,چراغ‌های ناتمام,مصطفی سلطانی,دفاع مقدس,2.9,,مجتبی امینی،,44092000.0,"مجید صالحی, شقایق فراهانی, حسین مهری",0,0,0,0,0,0,0,0,0,0,0,0,0,0,0,0,0,1,0,0,0,0,0,0,0,0,0,0,0,0,0,0,0,0,0,0,0,0,0,0,0,0,0
1397,اسکی باز,فریدون نجفی,"کودک, کودک و نوجوان",3.5,,محمد احمدی,36648000.0,"آوا دارویت, امیررضا فرامرزی, رضا موری",0,0,0,0,0,0,0,0,0,0,0,0,0,0,0,0,0,0,0,0,0,0,0,0,0,0,0,0,0,0,0,0,0,0,0,0,0,0,0,0,0,1,1
1397,قرارمون پارک شهر,فلورا سام,اجتماعی,1.5,2.0,مجید اوجی،,27789000.0,"نرگس محمدی, امین زندگانی, محمدرضا شریفی‌ نیا",1,0,0,0,0,0,0,0,0,0,0,0,0,0,0,0,0,0,0,0,0,0,0,0,0,0,0,0,0,0,0,0,0,0,0,0,0,0,0,0,0,0,0
1397,دایان,بهروز نورانی پور,دفاع مقدس,2.3,3.0,محمد حمزه زاده,9920000.0,"ناصر بابائیان, عبدالله زواره, بهار معروفی",0,0,0,0,0,0,0,0,0,0,0,0,0,0,0,0,0,1,0,0,0,0,0,0,0,0,0,0,0,0,0,0,0,0,0,0,0,0,0,0,0,0,0
1397,گام‌‌های شیدایی,حمید بهمنی,دفاع مقدس,1.0,3.0,محمد قهرمانی,3553000.0,"محمدرضا شریفی‌ نیا, جمشید هاشم پور, کورش تهامی",0,0,0,0,0,0,0,0,0,0,0,0,0,0,0,0,0,1,0,0,0,0,0,0,0,0,0,0,0,0,0,0,0,0,0,0,0,0,0,0,0,0,0
1397,گس,کیارش اسدی زاده,"اجتماعی, خانوادگي",3.0,,کیارش اسدی زاده,,"صابر ابر, پانته آ پناهی‌ها, رویا جاویدنیا",1,0,0,0,0,0,0,0,0,0,0,0,0,0,1,0,0,0,0,0,0,0,0,0,0,0,0,0,0,0,0,0,0,0,0,0,0,0,0,0,0,0,0
1397,مواجهه,سعید ابراهیمی فر,اجتماعی,3.3,,ایرج تقی پور,,"حمیدرضا پگاه, نیوشا ضیغمی, مریم مقدم",1,0,0,0,0,0,0,0,0,0,0,0,0,0,0,0,0,0,0,0,0,0,0,0,0,0,0,0,0,0,0,0,0,0,0,0,0,0,0,0,0,0,0
1397,تو مشغول مردنت بودی,مجتبا اسپنانی,اجتماعی,3.6,5.0,مجید صدیقی,,"شاهده خدادادی, حانیه پورآذری, جهانگیر نکویی",1,0,0,0,0,0,0,0,0,0,0,0,0,0,0,0,0,0,0,0,0,0,0,0,0,0,0,0,0,0,0,0,0,0,0,0,0,0,0,0,0,0,0
1398,مطرب,مصطفی کیایی,"اجتماعی, کمدی",3.6,4528.0,مصطفی کیایی,38548891000.0,"پرویز پرستویی, محسن کیایی, الناز شاکردوست",1,0,0,0,0,0,0,0,0,0,0,0,0,0,0,0,0,0,0,0,0,0,0,0,0,0,0,0,0,0,0,0,0,0,0,0,0,0,0,0,1,0,0
1398,متری شیش و نیم,سعید روستایی,اجتماعی,4.5,223.0,سید جمال ساداتیان,27198941000.0,"پیمان معادی, نوید محمدزاده, پریناز ایزدیار",1,0,0,0,0,0,0,0,0,0,0,0,0,0,0,0,0,0,0,0,0,0,0,0,0,0,0,0,0,0,0,0,0,0,0,0,0,0,0,0,0,0,0
1398,تگزاس ۲,,کمدی,3.8,157.0,ابراهیم عامریان,25088112000.0,"مهدی هاشمی, سام درخشانی, پژمان جمشیدی",0,0,0,0,0,0,0,0,0,0,0,0,0,0,0,0,0,0,0,0,0,0,0,0,0,0,0,0,0,0,0,0,0,0,0,0,0,0,0,0,1,0,0
1398,رحمان ۱۴۰۰,منوچهر هادی,کمدی,3.5,141.0,علی سرتیپی,21891063000.0,"محمدرضا گلزار, سعید آقاخانی, یکتا ناصر",0,0,0,0,0,0,0,0,0,0,0,0,0,0,0,0,0,0,0,0,0,0,0,0,0,0,0,0,0,0,0,0,0,0,0,0,0,0,0,0,1,0,0
1398,شبی که ماه کامل شد,نرگس آبیار,اجتماعی,4.1,387.0,محمدحسین قاسمی,19012982000.0,"الناز شاکردوست, هوتن شکیبا, فرشته صدرعرفایی",1,0,0,0,0,0,0,0,0,0,0,0,0,0,0,0,0,0,0,0,0,0,0,0,0,0,0,0,0,0,0,0,0,0,0,0,0,0,0,0,0,0,0
1398,سرخپوست,نیما جاویدی,اجتماعی,4.4,490.0,مجید مطلبی,14981321000.0,"نوید محمدزاده, پریناز ایزدیار, مانی حقیقی",1,0,0,0,0,0,0,0,0,0,0,0,0,0,0,0,0,0,0,0,0,0,0,0,0,0,0,0,0,0,0,0,0,0,0,0,0,0,0,0,0,0,0
1398,چشم و گوش بسته,فرزاد موتمن,کمدی,3.6,1850.0,امیرحسین آشتیانی پور,12837496000.0,"امین حیایی, بهرام افشاری, آناهیتا درگاهی",0,0,0,0,0,0,0,0,0,0,0,0,0,0,0,0,0,0,0,0,0,0,0,0,0,0,0,0,0,0,0,0,0,0,0,0,0,0,0,0,1,0,0
1398,ما همه با هم هستیم,کمال تبریزی,"اجتماعی, کمدی",2.8,160.0,رضا میرکریمی,10662142000.0,"محمدرضا گلزار, مهران مدیری, لیلا حاتمی",1,0,0,0,0,0,0,0,0,0,0,0,0,0,0,0,0,0,0,0,0,0,0,0,0,0,0,0,0,0,0,0,0,0,0,0,0,0,0,0,1,0,0
1398,چهار انگشت,حامد محمدی,کمدی,3.0,43.0,حمید پنداشته,10458116000.0,"جواد عزتی, امیر جعفری, مونا فرجاد",0,0,0,0,0,0,0,0,0,0,0,0,0,0,0,0,0,0,0,0,0,0,0,0,0,0,0,0,0,0,0,0,0,0,0,0,0,0,0,0,1,0,0
1398,زیر نظر,مجید صالحی,کمدی,3.6,786.0,محمد شایسته,8422079000.0,"رضا عطاران, امیر جعفری, مهران احمدی",0,0,0,0,0,0,0,0,0,0,0,0,0,0,0,0,0,0,0,0,0,0,0,0,0,0,0,0,0,0,0,0,0,0,0,0,0,0,0,0,1,0,0
1398,جهان با من برقص!,سروش صحت,اجتماعی,4.2,899.0,,6754559000.0,"علی مصفا, جواد عزتی, هانیه توسلی",1,0,0,0,0,0,0,0,0,0,0,0,0,0,0,0,0,0,0,0,0,0,0,0,0,0,0,0,0,0,0,0,0,0,0,0,0,0,0,0,0,0,0
1398,سامورایی در برلین,مهدی نادری,کمدی,3.5,84.0,ابوالفضل صفاری,6624878000.0,"حمید فرخ نژاد, امیرمهدی ژوله, میرطاهر مظلومی",0,0,0,0,0,0,0,0,0,0,0,0,0,0,0,0,0,0,0,0,0,0,0,0,0,0,0,0,0,0,0,0,0,0,0,0,0,0,0,0,1,0,0
1398,ایکس لارج,محسن توکلی,کمدی,3.1,98.0,,6320838000.0,"اکبر عبدی, محمدرضا شریفی‌ نیا, سحر قریشی",0,0,0,0,0,0,0,0,0,0,0,0,0,0,0,0,0,0,0,0,0,0,0,0,0,0,0,0,0,0,0,0,0,0,0,0,0,0,0,0,1,0,0
1398,ماجرای نیمروز ۲: رد خون,محمدحسین مهدویان,"درام, سياسي",4.0,1335.0,سید محمود رضوی,6234747000.0,"هادی حجازی فر, جواد عزتی, بهنوش طباطبایی",0,0,0,0,0,0,0,0,0,0,0,0,0,0,0,0,1,0,0,0,0,0,1,0,0,0,0,0,0,0,0,0,0,0,0,0,0,0,0,0,0,0,0
1398,زهرمار,سید جواد رضویان,کمدی,3.5,81.0,جواد نوروزبیگی,6164657000.0,"سیامک انصاری, شبنم مقدمی, شقایق فراهانی",0,0,0,0,0,0,0,0,0,0,0,0,0,0,0,0,0,0,0,0,0,0,0,0,0,0,0,0,0,0,0,0,0,0,0,0,0,0,0,0,1,0,0
1398,منطقه پرواز ممنوع,امیر داسارگر,کودک,3.9,660.0,حامد بامروت نژاد,5939320000.0,"هادی حجازی فر, محمد فیلی, بهار نوحیان",0,0,0,0,0,0,0,0,0,0,0,0,0,0,0,0,0,0,0,0,0,0,0,0,0,0,0,0,0,0,0,0,0,0,0,0,0,0,0,0,0,1,0
1398,هزارتو,امیرحسین ترابی,درام,3.1,1290.0,سپهر سیفی,5500475000.0,"شهاب حسینی, ساره بیات, پژمان جمشیدی",0,0,0,0,0,0,0,0,0,0,0,0,0,0,0,0,1,0,0,0,0,0,0,0,0,0,0,0,0,0,0,0,0,0,0,0,0,0,0,0,0,0,0
1398,بنیامین,محسن عنایتی,انيميشن,3.7,281.0,مصطفی حسن آبادی,5225432000.0,"چنگیز جلیلوند, ناصر طهماسب, اکبر منانی",0,1,0,0,0,0,0,0,0,0,0,0,0,0,0,0,0,0,0,0,0,0,0,0,0,0,0,0,0,0,0,0,0,0,0,0,0,0,0,0,0,0,0
1398,زندانی‌ها,مسعود ده نمکی,"اجتماعی, کمدی",3.5,22.0,مسعود ده نمکی,4581817000.0,"هدایت هاشمی, بهنام تشکر, هومن برق نورد",1,0,0,0,0,0,0,0,0,0,0,0,0,0,0,0,0,0,0,0,0,0,0,0,0,0,0,0,0,0,0,0,0,0,0,0,0,0,0,0,1,0,0
1398,ایده اصلی,آزیتا موگویی,اجتماعی,3.5,140.0,آزیتا موگویی,4125861000.0,"بهرام رادان, مریلا زارعی, هانیه توسلی",1,0,0,0,0,0,0,0,0,0,0,0,0,0,0,0,0,0,0,0,0,0,0,0,0,0,0,0,0,0,0,0,0,0,0,0,0,0,0,0,0,0,0
1398,جان دار,پدرام پورامیری،,"اجتماعی, درام",4.0,1003.0,کامران مجیدی,3715843000.0,"جواد عزتی, فاطمه معتمدآریا, حامد بهداد",1,0,0,0,0,0,0,0,0,0,0,0,0,0,0,0,1,0,0,0,0,0,0,0,0,0,0,0,0,0,0,0,0,0,0,0,0,0,0,0,0,0,0
1398,قصر شیرین,,اجتماعی,3.8,131.0,,3416629000.0,"حامد بهداد, ژیلا شاهی, نیوشا علیپور",1,0,0,0,0,0,0,0,0,0,0,0,0,0,0,0,0,0,0,0,0,0,0,0,0,0,0,0,0,0,0,0,0,0,0,0,0,0,0,0,0,0,0
1398,مسخره باز,همایون غنی زاده,فانتزي,3.5,1639.0,علی مصفا,3398012000.0,"علی نصیریان, هدیه تهرانی, صابر ابر",0,0,0,0,0,0,0,0,0,0,0,0,0,0,0,0,0,0,0,0,0,0,0,0,1,0,0,0,0,0,0,0,0,0,0,0,0,0,0,0,0,0,0
1398,پیشونی سفید ۳,سیدجواد هاشمی,موزيکال,3.9,14.0,,3209007000.0,"پژمان بازغی, ترلان پروانه, ارسلان قاسمی",0,0,0,0,0,0,0,0,0,0,0,0,0,0,0,0,0,0,0,0,0,0,0,0,0,0,0,0,0,0,0,0,0,1,0,0,0,0,0,0,0,0,0
1398,ژن خوک,سعید سهیلی,اجتماعی,3.9,40.0,سعید سهیلی,3181595000.0,"هادی حجازی فر, سینا مهراد, بهرنگ علوی",1,0,0,0,0,0,0,0,0,0,0,0,0,0,0,0,0,0,0,0,0,0,0,0,0,0,0,0,0,0,0,0,0,0,0,0,0,0,0,0,0,0,0
1398,کلوپ همسران,مهدی صباغ زاده,کمدی,2.7,225.0,مهدی صباغ زاده,2886409000.0,"محمدرضا شریفی‌ نیا, میترا حجار, شقایق فراهانی",0,0,0,0,0,0,0,0,0,0,0,0,0,0,0,0,0,0,0,0,0,0,0,0,0,0,0,0,0,0,0,0,0,0,0,0,0,0,0,0,1,0,0
1398,قسم,محسن تنابنده,اجتماعی,3.8,128.0,جلیل شعبانی،,2860483000.0,"مهناز افشار, سعید آقاخانی, مهران احمدی",1,0,0,0,0,0,0,0,0,0,0,0,0,0,0,0,0,0,0,0,0,0,0,0,0,0,0,0,0,0,0,0,0,0,0,0,0,0,0,0,0,0,0
1398,نیوکاسل,محسن قصابیان,کمدی,3.4,51.0,علی آشتیانی پور,2128404000.0,"حمید گودرزی, بهرام افشاری, نسرین مقانلو",0,0,0,0,0,0,0,0,0,0,0,0,0,0,0,0,0,0,0,0,0,0,0,0,0,0,0,0,0,0,0,0,0,0,0,0,0,0,0,0,1,0,0
1398,۲۳ نفر,مهدی جعفری,دفاع مقدس,4.4,328.0,مجتبی فرآورده,2036331000.0,"عبدالحلیم تقبلی, مجید پتکی, سعید آلبوعبادی",0,0,0,0,0,0,0,0,0,0,0,0,0,0,0,0,0,1,0,0,0,0,0,0,0,0,0,0,0,0,0,0,0,0,0,0,0,0,0,0,0,0,0
1398,غلامرضا تختی,بهرام توکلی,اجتماعی,3.9,35.0,سعید ملکان,1876624000.0,"محسن تختی, ماهور الوند, بهنوش طباطبایی",1,0,0,0,0,0,0,0,0,0,0,0,0,0,0,0,0,0,0,0,0,0,0,0,0,0,0,0,0,0,0,0,0,0,0,0,0,0,0,0,0,0,0
1398,تپلی و من,حسین قناعت,کودک,3.3,69.0,حسین قناعت,1725911000.0,"حسن معجونی, میترا حجار, یوسف تیموری",0,0,0,0,0,0,0,0,0,0,0,0,0,0,0,0,0,0,0,0,0,0,0,0,0,0,0,0,0,0,0,0,0,0,0,0,0,0,0,0,0,1,0
1398,تورنادو,سیدجواد هاشمی,"تخيلي, کودک",3.2,222.0,,1632220000.0,"اکبر عبدی, الناز حبیبی, ارسلان قاسمی",0,0,0,0,0,0,1,0,0,0,0,0,0,0,0,0,0,0,0,0,0,0,0,0,0,0,0,0,0,0,0,0,0,0,0,0,0,0,0,0,0,1,0
1398,خانه پدری,کیانوش عیاری,درام,3.6,1104.0,کیانوش عیاری,1579562000.0,"مهدی هاشمی, شهاب حسینی, ناصر هاشمی",0,0,0,0,0,0,0,0,0,0,0,0,0,0,0,0,1,0,0,0,0,0,0,0,0,0,0,0,0,0,0,0,0,0,0,0,0,0,0,0,0,0,0
1398,درخونگاه,سیاوش اسعدی,اجتماعی,3.5,383.0,منصور سهراب پور,1346225000.0,"امین حیایی, ژاله صامتی, مهراوه شریفی نیا",1,0,0,0,0,0,0,0,0,0,0,0,0,0,0,0,0,0,0,0,0,0,0,0,0,0,0,0,0,0,0,0,0,0,0,0,0,0,0,0,0,0,0
1398,مردی بدون سایه,علیرضا رییسیان,درام,3.1,127.0,علیرضا رییسیان,1302410000.0,"لیلا حاتمی, امیر آقایی, علی مصفا",0,0,0,0,0,0,0,0,0,0,0,0,0,0,0,0,1,0,0,0,0,0,0,0,0,0,0,0,0,0,0,0,0,0,0,0,0,0,0,0,0,0,0
1398,شاه کش,وحید امیرخانی,درام,3.0,150.0,عباس نادران,1043818000.0,"مهناز افشار, هادی حجازی فر, مهدی کوشکی",0,0,0,0,0,0,0,0,0,0,0,0,0,0,0,0,1,0,0,0,0,0,0,0,0,0,0,0,0,0,0,0,0,0,0,0,0,0,0,0,0,0,0
1398,سرکوب,رضا گوران,اجتماعی,4.1,38.0,حبیب اسماعیلی,961054000.0,"باران کوثری, سارا بهرامی, الهام کردا",1,0,0,0,0,0,0,0,0,0,0,0,0,0,0,0,0,0,0,0,0,0,0,0,0,0,0,0,0,0,0,0,0,0,0,0,0,0,0,0,0,0,0
1398,سال دوم دانشکده من,رسول صدرعاملی,اجتماعی,3.0,349.0,مسعود ردایی,923465000.0,"سها نیاستی, علی مصفا, فرشته ارسطویی",1,0,0,0,0,0,0,0,0,0,0,0,0,0,0,0,0,0,0,0,0,0,0,0,0,0,0,0,0,0,0,0,0,0,0,0,0,0,0,0,0,0,0
1398,دختر شیطان,قربان محمدپور,اجتماعی,4.2,35.0,قربان محمدپور,881133000.0,"حمید فرخ نژاد, ایشا گوپتا, جکی شروف",1,0,0,0,0,0,0,0,0,0,0,0,0,0,0,0,0,0,0,0,0,0,0,0,0,0,0,0,0,0,0,0,0,0,0,0,0,0,0,0,0,0,0
1398,روسی,امیرحسین ثقفی,اجتماعی,2.9,79.0,علی اکبر ثقفی,805800000.0,"امیر آقایی, میلاد کی مرام, طناز طباطبایی",1,0,0,0,0,0,0,0,0,0,0,0,0,0,0,0,0,0,0,0,0,0,0,0,0,0,0,0,0,0,0,0,0,0,0,0,0,0,0,0,0,0,0
1398,سمفونی نهم,محمدرضا هنرمند,اجتماعی,3.5,599.0,زینب تقوایی,743230000.0,"حمید فرخ نژاد, ساره بیات, مهرداد صدیقیان",1,0,0,0,0,0,0,0,0,0,0,0,0,0,0,0,0,0,0,0,0,0,0,0,0,0,0,0,0,0,0,0,0,0,0,0,0,0,0,0,0,0,0
1398,نبات,پگاه ارضی,اجتماعی,4.4,34.0,هوشنگ نورالهی,656180000.0,"شهاب حسینی, نازنین فراهانی, ستایش محمودی",1,0,0,0,0,0,0,0,0,0,0,0,0,0,0,0,0,0,0,0,0,0,0,0,0,0,0,0,0,0,0,0,0,0,0,0,0,0,0,0,0,0,0
1398,آشفته‌گی,فریدون جیرانی,درام,3.0,205.0,فریدون جیرانی,595456000.0,"بهرام رادان, مهناز افشار, مهران احمدی",0,0,0,0,0,0,0,0,0,0,0,0,0,0,0,0,1,0,0,0,0,0,0,0,0,0,0,0,0,0,0,0,0,0,0,0,0,0,0,0,0,0,0
1398,پیلوت,ابراهیم ابراهیمیان,"اجتماعی, درام",3.4,219.0,محمدرضا مصباح,589400000.0,"سعید آقاخانی, جواد عزتی, بهدخت ولیان",1,0,0,0,0,0,0,0,0,0,0,0,0,0,0,0,1,0,0,0,0,0,0,0,0,0,0,0,0,0,0,0,0,0,0,0,0,0,0,0,0,0,0
1398,اژدر,رضا سبحانی,کمدی,2.7,117.0,رضا سبحانی,572632000.0,"بهاره رهنما, میرطاهر مظلومی, علی انصاریان",0,0,0,0,0,0,0,0,0,0,0,0,0,0,0,0,0,0,0,0,0,0,0,0,0,0,0,0,0,0,0,0,0,0,0,0,0,0,0,0,1,0,0
1398,جانان,کامران قدکچیان,اجتماعی,3.8,35.0,محمد نجیبی,381825000.0,"امین حیایی, مژگان بیات, پروانه معصومی",1,0,0,0,0,0,0,0,0,0,0,0,0,0,0,0,0,0,0,0,0,0,0,0,0,0,0,0,0,0,0,0,0,0,0,0,0,0,0,0,0,0,0
1398,سونامی,میلاد صدرعاملی,اجتماعی,3.8,171.0,علی سرتیپی,365880000.0,"بهرام رادان, مهرداد صدیقیان, علیرضا شجاع نوری",1,0,0,0,0,0,0,0,0,0,0,0,0,0,0,0,0,0,0,0,0,0,0,0,0,0,0,0,0,0,0,0,0,0,0,0,0,0,0,0,0,0,0
1398,خداحافظ دختر شیرازی,,"رمانتيک, عاشقانه",3.5,229.0,فرشته طائرپور,349816000.0,"شبنم مقدمی, آیسان حداد, مونا فرجاد",0,0,0,0,0,0,0,0,0,0,0,0,0,0,0,0,0,0,0,1,0,0,0,1,0,0,0,0,0,0,0,0,0,0,0,0,0,0,0,0,0,0,0
1398,چاقی,راما قویدل,درام,4.0,36.0,حمید آخوندی,295038000.0,"حمید فرخ نژاد, علی مصفا, لادن مستوفی",0,0,0,0,0,0,0,0,0,0,0,0,0,0,0,0,1,0,0,0,0,0,0,0,0,0,0,0,0,0,0,0,0,0,0,0,0,0,0,0,0,0,0
1398,کروکودیل.,مسعود تکاور,درام,3.6,59.0,عزت الله جامعی ندوشن,283641000.0,"کورش تهامی, اندیشه فولادوند, حسین مهری",0,0,0,0,0,0,0,0,0,0,0,0,0,0,0,0,1,0,0,0,0,0,0,0,0,0,0,0,0,0,0,0,0,0,0,0,0,0,0,0,0,0,0
1398,شکستن همزمان بیست استخوان,جمشید محمودی,اجتماعی,3.5,93.0,نوید محمودی,232599000.0,"محسن تنابنده, فرشته حسینی, سعید چنگیزیان",1,0,0,0,0,0,0,0,0,0,0,0,0,0,0,0,0,0,0,0,0,0,0,0,0,0,0,0,0,0,0,0,0,0,0,0,0,0,0,0,0,0,0
1398,مشت آخر,مهدی فخیم زاده,"اکشن, کمدی",3.4,163.0,سیدحامد حسینی,220398000.0,"گوهر خیراندیش, احمد نجفی, رامین راستاد",0,0,1,0,0,0,0,0,0,0,0,0,0,0,0,0,0,0,0,0,0,0,0,0,0,0,0,0,0,0,0,0,0,0,0,0,0,0,0,0,1,0,0
1398,کار کثیف,خسرو معصومی,اجتماعی,4.7,23.0,خسرو معصومی,197831000.0,"پدرام شریفی, شاهرخ فروتنیان, لوون هفتوان",1,0,0,0,0,0,0,0,0,0,0,0,0,0,0,0,0,0,0,0,0,0,0,0,0,0,0,0,0,0,0,0,0,0,0,0,0,0,0,0,0,0,0
1398,معکوس,پولاد کیمیایی,اکشن,3.1,191.0,مسعود کیمیایی,153366000.0,"اکبر زنجانپور, بابک حمیدیان, شهرام حقیقت دوست",0,0,1,0,0,0,0,0,0,0,0,0,0,0,0,0,0,0,0,0,0,0,0,0,0,0,0,0,0,0,0,0,0,0,0,0,0,0,0,0,0,0,0
1398,آبی به رنگ آسمان,امیر رفیعی,مستند,3.8,431.0,علی فتح الله زاده،,146908000.0,"فرهاد اصلانی, سیامک انصاری, همایون ارشادی",0,0,0,0,0,0,0,0,0,0,0,0,0,0,0,0,0,0,0,0,0,0,0,0,0,0,0,0,0,0,1,0,0,0,0,0,0,0,0,0,0,0,0
1398,امیر,نیما اقلیما,درام,3.4,102.0,سید ضیا هاشمی,130964000.0,"میلاد کی مرام, بهدخت ولیان, هادی کاظمی",0,0,0,0,0,0,0,0,0,0,0,0,0,0,0,0,1,0,0,0,0,0,0,0,0,0,0,0,0,0,0,0,0,0,0,0,0,0,0,0,0,0,0
1398,به دنیا آمدن,محسن عبدالوهاب,"اجتماعی, هنري",4.4,26.0,محمد احمدی,129218000.0,"هدایت هاشمی, الهام کردا, رویا جاویدنیا",1,0,0,0,0,0,0,0,0,0,0,0,0,0,0,0,0,0,0,0,0,0,0,0,0,0,0,0,0,0,0,0,0,0,1,0,0,0,0,0,0,0,0
1398,لیلاج,داریوش یاری,اجتماعی,3.0,160.0,علیرضا ابوالقاسمی‌نژاد,95438000.0,"مهران احمدی, حامد کمیلی, محیا دهقانی",1,0,0,0,0,0,0,0,0,0,0,0,0,0,0,0,0,0,0,0,0,0,0,0,0,0,0,0,0,0,0,0,0,0,0,0,0,0,0,0,0,0,0
1398,وکیل مدافع,ونداد دوشن،,"سياسي, کمدی",4.1,15.0,محسن علی اکبری,86388000.0,"ایمان افشاریان, کورش تهامی, محمود عزیزی",0,0,0,0,0,0,0,0,0,0,0,0,0,0,0,0,0,0,0,0,0,0,1,0,0,0,0,0,0,0,0,0,0,0,0,0,0,0,0,0,1,0,0
1398,کاتی و ستاره,رضا مجلسی,کودک,3.8,58.0,بیتا منصوری,81809000.0,"شهره قمر, مریم شعبانی, حدیث نیکرو",0,0,0,0,0,0,0,0,0,0,0,0,0,0,0,0,0,0,0,0,0,0,0,0,0,0,0,0,0,0,0,0,0,0,0,0,0,0,0,0,0,1,0
1398,خانه دیگری,بهنوش صادقی,اجتماعی,4.4,12.0,عباس اکبری,80333000.0,"گوهر خیراندیش, لیلا زارع, پژمان بازغی",1,0,0,0,0,0,0,0,0,0,0,0,0,0,0,0,0,0,0,0,0,0,0,0,0,0,0,0,0,0,0,0,0,0,0,0,0,0,0,0,0,0,0
1398,دوئت,نوید دانش,اجتماعی,3.1,66.0,احسان رسول اف,69122000.0,"هدیه تهرانی, علی مصفا, نگار جواهریان",1,0,0,0,0,0,0,0,0,0,0,0,0,0,0,0,0,0,0,0,0,0,0,0,0,0,0,0,0,0,0,0,0,0,0,0,0,0,0,0,0,0,0
1398,تولدت مبارک,سمیه زارعی‌نژاد,کودک و نوجوان,2.9,41.0,انسیه جهان آرا,53617000.0,"اکبر عبدی, محمدرضا فروتن, مبینا مرتضوی",0,0,0,0,0,0,0,0,0,0,0,0,0,0,0,0,0,0,0,0,0,0,0,0,0,0,0,0,0,0,0,0,0,0,0,0,0,0,0,0,0,0,1
1398,برمودا,رهبر قنبری,اجتماعی,3.7,22.0,محمدرضا مصباح,39731000.0,"بهنوش بختیاری, رضا مولایی, شهرزاد کمال زاده",1,0,0,0,0,0,0,0,0,0,0,0,0,0,0,0,0,0,0,0,0,0,0,0,0,0,0,0,0,0,0,0,0,0,0,0,0,0,0,0,0,0,0
1398,نرگس مست,سید جلال الدین دری,اجتماعی,3.7,61.0,عبدالله اسفندیاری,36667000.0,"میترا حجار, سعید پورصمیمی, مهدی پاکدل",1,0,0,0,0,0,0,0,0,0,0,0,0,0,0,0,0,0,0,0,0,0,0,0,0,0,0,0,0,0,0,0,0,0,0,0,0,0,0,0,0,0,0
1398,عطر داغ,علی ابراهیمی,اجتماعی,3.6,83.0,امیرشهاب رضویان,33802866.0,"مهرداد صدیقیان, شهرام حقیقت دوست, بهاره کیان افشار",1,0,0,0,0,0,0,0,0,0,0,0,0,0,0,0,0,0,0,0,0,0,0,0,0,0,0,0,0,0,0,0,0,0,0,0,0,0,0,0,0,0,0
1398,بی وزنی,مهدی فرد قادری,درام,2.9,64.0,مرتضی شایسته,31672000.0,"امیرعلی دانایی, بهاره کیان افشار, نسیم ادبی",0,0,0,0,0,0,0,0,0,0,0,0,0,0,0,0,1,0,0,0,0,0,0,0,0,0,0,0,0,0,0,0,0,0,0,0,0,0,0,0,0,0,0
1398,یادم تو را فراموش,علی عطشانی,اجتماعی,3.5,92.0,علی عطشانی,24283322.0,"میترا حجار, حسین یاری, آتیلا پسیانی",1,0,0,0,0,0,0,0,0,0,0,0,0,0,0,0,0,0,0,0,0,0,0,0,0,0,0,0,0,0,0,0,0,0,0,0,0,0,0,0,0,0,0
1398,اولین امضاء برای رعنا,علی ژکان,اجتماعی,3.2,58.0,علی ژکان,16409000.0,"علیرضا جلالی تبار, محمدرضا هدایتی, شهین تسلیمی",1,0,0,0,0,0,0,0,0,0,0,0,0,0,0,0,0,0,0,0,0,0,0,0,0,0,0,0,0,0,0,0,0,0,0,0,0,0,0,0,0,0,0
1398,صدای منو می‌شنوید؟,صادق پروین آشتیانی,دفاع مقدس,3.5,28.0,حسن کلامی،,3511000.0,"پرویز پورحسینی, مژگان بیات, نگار عابدی",0,0,0,0,0,0,0,0,0,0,0,0,0,0,0,0,0,1,0,0,0,0,0,0,0,0,0,0,0,0,0,0,0,0,0,0,0,0,0,0,0,0,0
1398,قطار آن شب,حمیدرضا قطبی,اجتماعی,3.4,62.0,بهروز رشاد,982500.0,"سیامک صفری, مریم بوبانی",1,0,0,0,0,0,0,0,0,0,0,0,0,0,0,0,0,0,0,0,0,0,0,0,0,0,0,0,0,0,0,0,0,0,0,0,0,0,0,0,0,0,0
1398,نمایش کمدی مانکن,سعید خاکسار,,3.0,2.0,,,سعید خاکسار,0,0,0,0,0,0,0,0,0,0,0,0,0,0,0,0,0,0,0,0,0,0,0,0,0,0,0,0,0,0,0,0,0,0,0,0,0,0,0,0,0,0,0
1398,سوپر استار,محسن فلاح,کمدی,4.1,59.0,,,,0,0,0,0,0,0,0,0,0,0,0,0,0,0,0,0,0,0,0,0,0,0,0,0,0,0,0,0,0,0,0,0,0,0,0,0,0,0,0,0,1,0,0
1399,شنای پروانه,محمد کارت,اجتماعی,4.5,740.0,,3288949843.0,"جواد عزتی, امیر آقایی, طناز طباطبایی",1,0,0,0,0,0,0,0,0,0,0,0,0,0,0,0,0,0,0,0,0,0,0,0,0,0,0,0,0,0,0,0,0,0,0,0,0,0,0,0,0,0,0
1399,دیدن این فیلم جرم است,رضا زهتابچیان,"درام, سياسي",4.3,396.0,محمد حمزه زاده,1221661503.0,"مهدی زمین پرداز, امیر آقایی, لیندا کیانی",0,0,0,0,0,0,0,0,0,0,0,0,0,0,0,0,1,0,0,0,0,0,1,0,0,0,0,0,0,0,0,0,0,0,0,0,0,0,0,0,0,0,0
1399,آقای سانسور,علی جبارزاده,کمدی,2.9,119.0,غلامرضا گمرکی,1221661503.0,"محمدرضا فروتن, بهرام افشاری, بهاره رهنما",0,0,0,0,0,0,0,0,0,0,0,0,0,0,0,0,0,0,0,0,0,0,0,0,0,0,0,0,0,0,0,0,0,0,0,0,0,0,0,0,1,0,0
1399,پیشی میشی,حسین قناعت,کمدی,2.9,51.0,احمد احمدی,352911946.0,"بهاره رهنما, رضا شفیعی جم, نفیسه روشن",0,0,0,0,0,0,0,0,0,0,0,0,0,0,0,0,0,0,0,0,0,0,0,0,0,0,0,0,0,0,0,0,0,0,0,0,0,0,0,0,1,0,0
1399,آن شب.,کوروش آهاری,وحشت,3.6,83.0,جفری الارد،,140140123.0,"شهاب حسینی, نیوشا جعفریان, لیا اوگانیان",0,0,0,0,0,0,0,0,0,0,0,0,0,0,0,0,0,0,0,0,0,0,0,0,0,0,0,0,0,0,0,0,0,0,0,0,1,0,0,0,0,0,0
1399,آبادان یازده ۶۰,مهرداد خوشبخت,دفاع مقدس,4.1,58.0,حسن کلامی,90522490.0,"علیرضا کمالی, حسن معجونی, ویدا جوان",0,0,0,0,0,0,0,0,0,0,0,0,0,0,0,0,0,1,0,0,0,0,0,0,0,0,0,0,0,0,0,0,0,0,0,0,0,0,0,0,0,0,0
1399,اتومبیل,علی میری رامشه,اجتماعی,2.7,38.0,علی عبدالعلی‌زاده,71113700.0,"اکبر عبدی, مهدی کوشکی, ارسلان قاسمی",1,0,0,0,0,0,0,0,0,0,0,0,0,0,0,0,0,0,0,0,0,0,0,0,0,0,0,0,0,0,0,0,0,0,0,0,0,0,0,0,0,0,0
1399,روزهای نارنجی,آرش لاهوتی,اجتماعی,3.3,25.0,علیرضا قاسم‌خان,52548152.0,"هدیه تهرانی, علی مصفا, مهران احمدی",1,0,0,0,0,0,0,0,0,0,0,0,0,0,0,0,0,0,0,0,0,0,0,0,0,0,0,0,0,0,0,0,0,0,0,0,0,0,0,0,0,0,0
1399,سهم من از عاشقی,مهدی محبی,کمدی,2.9,21.0,مهدی محبی,,مرتضی مجرد,0,0,0,0,0,0,0,0,0,0,0,0,0,0,0,0,0,0,0,0,0,0,0,0,0,0,0,0,0,0,0,0,0,0,0,0,0,0,0,0,1,0,0
1399,زمستان است,مهرداد زاهدیان,مستند,4.3,7.0,پیروز حناچی,,,0,0,0,0,0,0,0,0,0,0,0,0,0,0,0,0,0,0,0,0,0,0,0,0,0,0,0,0,0,0,1,0,0,0,0,0,0,0,0,0,0,0,0
1399,بنا به دلایلی,دانیال تفرشی,,4.2,43.0,وحید روحانی,,"دانیال تفرشی, محسن میر هاشمی, مهدی ابراهیمی",0,0,0,0,0,0,0,0,0,0,0,0,0,0,0,0,0,0,0,0,0,0,0,0,0,0,0,0,0,0,0,0,0,0,0,0,0,0,0,0,0,0,0
1399,قهوه خانه پردردسر,امیراحسان پایدار,کمدی,3.9,24.0,,,"آرش شهبازی, سحر زنجانی, امیراحسان پایدار",0,0,0,0,0,0,0,0,0,0,0,0,0,0,0,0,0,0,0,0,0,0,0,0,0,0,0,0,0,0,0,0,0,0,0,0,0,0,0,0,1,0,0
1399,بشارت منجی,نادر طالب‌زاده,"مذهبي, تاريخي",,,نادر طالب‌زاده,,"احمد سلیمان‌نیا, سیروس اسنقی, ولی‌الله مؤمنی",0,0,0,0,0,1,0,0,0,0,0,0,0,0,0,0,0,0,0,0,0,0,0,0,0,0,0,0,0,1,0,0,0,0,0,0,0,0,0,0,0,0,0
1399,سوم آذر شهر,کامبیز صفاری,,4.2,5.0,محسن امیریوسفی,,"آروشا بیگی, آتیلا پسیانی, بهناز جعفری",0,0,0,0,0,0,0,0,0,0,0,0,0,0,0,0,0,0,0,0,0,0,0,0,0,0,0,0,0,0,0,0,0,0,0,0,0,0,0,0,0,0,0
1399,نمایش کمدی آبدزدک,سعید خاکسار,"موزيکال, موزيکال, کمدی",3.0,2.0,پردیس سینمایی زندگی،,,سعید خاکسار,0,0,0,0,0,0,0,0,0,0,0,0,0,0,0,0,0,0,0,0,0,0,0,0,0,0,0,0,0,0,0,0,0,1,0,0,0,0,0,0,1,0,0
1399,نمایش کمدی پاشا ۱۴۰۰,حامد مصباحی،,کمدی,3.8,155.0,حامد مصباحی،,,"حامد مصباحی, امید مصباحی, سحر پیرعلی",0,0,0,0,0,0,0,0,0,0,0,0,0,0,0,0,0,0,0,0,0,0,0,0,0,0,0,0,0,0,0,0,0,0,0,0,0,0,0,0,1,0,0
1399,کلینیک قمر,,کمدی,3.5,28.0,مهرداد صادقی,,"النا منتظریان, سپهر قناد, علی کریمی",0,0,0,0,0,0,0,0,0,0,0,0,0,0,0,0,0,0,0,0,0,0,0,0,0,0,0,0,0,0,0,0,0,0,0,0,0,0,0,0,1,0,0
1399,روزی روزگاری در آنتالیا,رضا پاپی,کمدی,3.9,88.0,محمد رسول قیس,,"رضا پاپی, عباس رضائی, فرحناز سمیعی",0,0,0,0,0,0,0,0,0,0,0,0,0,0,0,0,0,0,0,0,0,0,0,0,0,0,0,0,0,0,0,0,0,0,0,0,0,0,0,0,1,0,0
1399,مطرب,محسن افشار,کمدی,4.3,13.0,سعید حرمان نژاد,,"علی خازنی, حسین ایزد پناه, امیر افشار",0,0,0,0,0,0,0,0,0,0,0,0,0,0,0,0,0,0,0,0,0,0,0,0,0,0,0,0,0,0,0,0,0,0,0,0,0,0,0,0,1,0,0
1399,فریاد زیر خاک,احسان کریمی,کمدی,3.8,344.0,احسان کریمی,,"احسان کریمی, پژمان علیپور, مجید امیری",0,0,0,0,0,0,0,0,0,0,0,0,0,0,0,0,0,0,0,0,0,0,0,0,0,0,0,0,0,0,0,0,0,0,0,0,0,0,0,0,1,0,0
1400,دینامیت,سیدمسعود اطیابی,کمدی,4.2,2769.0,سید ابراهیم عامریان,58178370740.0,"پژمان جمشیدی, محسن کیایی, احمد مهرانفر",0,0,0,0,0,0,0,0,0,0,0,0,0,0,0,0,0,0,0,0,0,0,0,0,0,0,0,0,0,0,0,0,0,0,0,0,0,0,0,0,1,0,0
1400,گشت ارشاد ۳,سعید سهیلی,کمدی,2.4,2078.0,سعید سهیلی,42084836252.0,"ساعد سهیلی, پولاد کیمیایی, امیر جعفری",0,0,0,0,0,0,0,0,0,0,0,0,0,0,0,0,0,0,0,0,0,0,0,0,0,0,0,0,0,0,0,0,0,0,0,0,0,0,0,0,1,0,0
1400,قهرمان,اصغر فرهادی,اجتماعی,3.8,1484.0,الکساندر ماله گی،,12035294250.0,"امیر جدیدی, محسن تنابنده, سحر گلدوست",1,0,0,0,0,0,0,0,0,0,0,0,0,0,0,0,0,0,0,0,0,0,0,0,0,0,0,0,0,0,0,0,0,0,0,0,0,0,0,0,0,0,0
1400,بی همه چیز,محسن قرایی,اجتماعی,4.5,1613.0,جواد نوروزبیگی,9526976102.0,"پرویز پرستویی, هدیه تهرانی, باران کوثری",1,0,0,0,0,0,0,0,0,0,0,0,0,0,0,0,0,0,0,0,0,0,0,0,0,0,0,0,0,0,0,0,0,0,0,0,0,0,0,0,0,0,0
1400,آتابای,نیکی کریمی,اجتماعی,3.9,903.0,نیکی کریمی,5584466900.0,"هادی حجازی فر, سحر دولتشاهی, جواد عزتی",1,0,0,0,0,0,0,0,0,0,0,0,0,0,0,0,0,0,0,0,0,0,0,0,0,0,0,0,0,0,0,0,0,0,0,0,0,0,0,0,0,0,0
1400,درخت گردو,محمدحسین مهدویان,اجتماعی,4.3,662.0,سیدمصطفی احمدی,3668433450.0,"پیمان معادی, مهران مدیری, مینا ساداتی",1,0,0,0,0,0,0,0,0,0,0,0,0,0,0,0,0,0,0,0,0,0,0,0,0,0,0,0,0,0,0,0,0,0,0,0,0,0,0,0,0,0,0
1400,منصور,سیاوش سرمدی,دفاع مقدس,4.5,596.0,جلیل شعبانی,3151575950.0,"محسن قصابیان, لیندا کیانی, مهدی کوشکی",0,0,0,0,0,0,0,0,0,0,0,0,0,0,0,0,0,1,0,0,0,0,0,0,0,0,0,0,0,0,0,0,0,0,0,0,0,0,0,0,0,0,0
1400,عنکبوت,ابراهیم ایرج زاد,اجتماعی,3.7,425.0,جواد نوروزبیگی,2740415000.0,"محسن تنابنده, ساره بیات, شیرین یزدان بخش",1,0,0,0,0,0,0,0,0,0,0,0,0,0,0,0,0,0,0,0,0,0,0,0,0,0,0,0,0,0,0,0,0,0,0,0,0,0,0,0,0,0,0
1400,گربه سیاه,کریم امینی,درام,3.4,262.0,بهرام رادان,2710217900.0,"بهرام رادان, ترلان پروانه, حسین پورکریمی",0,0,0,0,0,0,0,0,0,0,0,0,0,0,0,0,1,0,0,0,0,0,0,0,0,0,0,0,0,0,0,0,0,0,0,0,0,0,0,0,0,0,0
1400,صحنه زنی,علیرضا صمدی,درام,3.8,318.0,مجید رضابالا,2025319602.0,"مهتاب کرامتی, بهرام افشاری, پیام احمدی نیا",0,0,0,0,0,0,0,0,0,0,0,0,0,0,0,0,1,0,0,0,0,0,0,0,0,0,0,0,0,0,0,0,0,0,0,0,0,0,0,0,0,0,0
1400,خورشید,مجید مجیدی,اجتماعی,4.4,258.0,امیر بنان،,1650479850.0,"علی نصیریان, جواد عزتی, روح‌الله زمانی",1,0,0,0,0,0,0,0,0,0,0,0,0,0,0,0,0,0,0,0,0,0,0,0,0,0,0,0,0,0,0,0,0,0,0,0,0,0,0,0,0,0,0
1400,هفته‌ای یکبار آدم باش,شهرام شاه حسینی,کمدی,2.8,118.0,مستانه مهاجر,1512367250.0,"پژمان جمشیدی, رعنا آزادی ور, پژمان بازغی",0,0,0,0,0,0,0,0,0,0,0,0,0,0,0,0,0,0,0,0,0,0,0,0,0,0,0,0,0,0,0,0,0,0,0,0,0,0,0,0,1,0,0
1400,مورچه خوار,شاهد احمدلو,کمدی,2.8,98.0,کیان باباییان,1062556100.0,"لیندا کیانی, مارال فرجاد, رضا شفیعی جم",0,0,0,0,0,0,0,0,0,0,0,0,0,0,0,0,0,0,0,0,0,0,0,0,0,0,0,0,0,0,0,0,0,0,0,0,0,0,0,0,1,0,0
1400,پوست,بهرام ارک،,درام,4.3,376.0,محمدرضا مصباح,836768900.0,,0,0,0,0,0,0,0,0,0,0,0,0,0,0,0,0,1,0,0,0,0,0,0,0,0,0,0,0,0,0,0,0,0,0,0,0,0,0,0,0,0,0,0
1400,آپاچی,آرش معیریان,"اجتماعی, کمدی",2.5,70.0,حسین زندباف,582411350.0,"رضا شفیعی جم, سحر قریشی, یوسف تیموری",1,0,0,0,0,0,0,0,0,0,0,0,0,0,0,0,0,0,0,0,0,0,0,0,0,0,0,0,0,0,0,0,0,0,0,0,0,0,0,0,1,0,0
1400,ترانه‌ای عاشقانه برایم بخوان,مهرداد غفارزاده,"اجتماعی, عاشقانه",2.8,52.0,امیرشهاب رضویان,412116650.0,"یوسف چیم, پژمان بازغی, افسانه پاکرو",1,0,0,0,0,0,0,0,0,0,0,0,0,0,0,0,0,0,0,0,0,0,0,1,0,0,0,0,0,0,0,0,0,0,0,0,0,0,0,0,0,0,0
1400,مدیترانه,هادی حاجتمند,اجتماعی,3.8,43.0,رشید حاجتمند,321827400.0,"مهراوه شریفی نیا, پوریا پورسرخ, بهرنگ علوی",1,0,0,0,0,0,0,0,0,0,0,0,0,0,0,0,0,0,0,0,0,0,0,0,0,0,0,0,0,0,0,0,0,0,0,0,0,0,0,0,0,0,0
1400,جنایت بی‌دقت,شهرام مکری,درام,3.5,154.0,,285635300.0,"بابک کریمی, عادل براقی, ابوالفضل کاهانی",0,0,0,0,0,0,0,0,0,0,0,0,0,0,0,0,1,0,0,0,0,0,0,0,0,0,0,0,0,0,0,0,0,0,0,0,0,0,0,0,0,0,0
1400,مرد نقره‌ای,محمدحسین لطیفی,اکشن,3.4,121.0,پرویز امیری،,277216500.0,"مهدی سلطانی‌, بهاره کیان افشار, نادر سلیمانی",0,0,1,0,0,0,0,0,0,0,0,0,0,0,0,0,0,0,0,0,0,0,0,0,0,0,0,0,0,0,0,0,0,0,0,0,0,0,0,0,0,0,0
1400,حکم تجدید نظر,محمدامین کریم پور,درام,3.3,177.0,رضا کریمی,264588550.0,"ژاله صامتی, همایون ارشادی, فرید سجادی حسینی",0,0,0,0,0,0,0,0,0,0,0,0,0,0,0,0,1,0,0,0,0,0,0,0,0,0,0,0,0,0,0,0,0,0,0,0,0,0,0,0,0,0,0
1400,خون شد,مسعود کیمیایی,,2.8,79.0,جواد نوروزبیگی,195693596.0,"سعید آقاخانی, نسرین مقانلو, سیامک صفری",0,0,0,0,0,0,0,0,0,0,0,0,0,0,0,0,0,0,0,0,0,0,0,0,0,0,0,0,0,0,0,0,0,0,0,0,0,0,0,0,0,0,0
1400,کله پوک,جواد مزد آبادی,کمدی,1.6,41.0,,175238000.0,"یوسف تیموری, فتحعلی اویسی, سیروس گرجستانی",0,0,0,0,0,0,0,0,0,0,0,0,0,0,0,0,0,0,0,0,0,0,0,0,0,0,0,0,0,0,0,0,0,0,0,0,0,0,0,0,1,0,0
1400,رمانتیسم عماد و طوبا,کاوه صباغ زاده,"خانوادگي, عاشقانه",4.0,142.0,مهدی صباغ زاده,159620000.0,"حسام محمودی, الناز حبیبی, علی انصاریان",0,0,0,0,0,0,0,0,0,0,0,0,0,0,1,0,0,0,0,0,0,0,0,1,0,0,0,0,0,0,0,0,0,0,0,0,0,0,0,0,0,0,0
1400,تومان,مرتضی فرشباف,اجتماعی,3.8,112.0,سعید سعدی،,155096500.0,"میرسعید مولویان, مجتبی پیرزاده, ایمان صیاد برهانی",1,0,0,0,0,0,0,0,0,0,0,0,0,0,0,0,0,0,0,0,0,0,0,0,0,0,0,0,0,0,0,0,0,0,0,0,0,0,0,0,0,0,0
1400,تک تیرانداز,علی غفاری,دفاع مقدس,4.5,197.0,ابراهیم اصغری,152059600.0,"کامبیز دیرباز, علیرضا کمالی, امیر رضا دلاوری",0,0,0,0,0,0,0,0,0,0,0,0,0,0,0,0,0,1,0,0,0,0,0,0,0,0,0,0,0,0,0,0,0,0,0,0,0,0,0,0,0,0,0
1400,سیاه باز,حمید همتی,درام,2.5,27.0,علی قائم مقامی,97846000.0,"سام قریبیان, افسانه بایگان, مهدی کوشکی",0,0,0,0,0,0,0,0,0,0,0,0,0,0,0,0,1,0,0,0,0,0,0,0,0,0,0,0,0,0,0,0,0,0,0,0,0,0,0,0,0,0,0
1400,لاله,اسدالله نیک نژاد,ماجراجويي,3.1,42.0,پروانه پرتو,90988050.0,"نیکی کریمی, سام قریبیان, ایرج نوذری",0,0,0,0,0,0,0,0,0,0,0,0,0,0,0,0,0,0,0,0,0,0,0,0,0,0,0,1,0,0,0,0,0,0,0,0,0,0,0,0,0,0,0
1400,بندر بند,منیژه حکمت,اجتماعی,2.8,33.0,,71968000.0,"پگاه آهنگرانی, رضا کولغانی, امیرحسین طاهری",1,0,0,0,0,0,0,0,0,0,0,0,0,0,0,0,0,0,0,0,0,0,0,0,0,0,0,0,0,0,0,0,0,0,0,0,0,0,0,0,0,0,0
1400,گیسوم,نوید به‌تویی,اجتماعی,2.9,47.0,سعید سعدی,71481500.0,"پگاه آهنگرانی, رضا داوودنژاد, مارال بنی آدم",1,0,0,0,0,0,0,0,0,0,0,0,0,0,0,0,0,0,0,0,0,0,0,0,0,0,0,0,0,0,0,0,0,0,0,0,0,0,0,0,0,0,0
1400,عاشق پیشه,داوود موثقی,اجتماعی,2.1,51.0,داوود موثقی,38923500.0,"شهره قمر, علی برجی, محسن علیمحمدی",1,0,0,0,0,0,0,0,0,0,0,0,0,0,0,0,0,0,0,0,0,0,0,0,0,0,0,0,0,0,0,0,0,0,0,0,0,0,0,0,0,0,0
1400,عطر شیرین، عطر تلخ,ناصر محمدی,عاشقانه,2.1,14.0,ناصر محمدی,29125200.0,"دانیال عبادی, بهاره افشاری, روناک پوریادگار",0,0,0,0,0,0,0,0,0,0,0,0,0,0,0,0,0,0,0,0,0,0,0,1,0,0,0,0,0,0,0,0,0,0,0,0,0,0,0,0,0,0,0
1400,مستند لیبیدو _ خون ریزی,,مستند,,,,235000.0,,0,0,0,0,0,0,0,0,0,0,0,0,0,0,0,0,0,0,0,0,0,0,0,0,0,0,0,0,0,0,1,0,0,0,0,0,0,0,0,0,0,0,0
1400,درب,سید هادی محقق,اجتماعی,3.5,33.0,سیدرضا محقق,,"سید هادی محقق, محمد اقبالی",1,0,0,0,0,0,0,0,0,0,0,0,0,0,0,0,0,0,0,0,0,0,0,0,0,0,0,0,0,0,0,0,0,0,0,0,0,0,0,0,0,0,0
1400,آن شب.,مینا قاسمی زواره,"اجتماعی, خانوادگي",,,مینا قاسمی زواره,,,1,0,0,0,0,0,0,0,0,0,0,0,0,0,1,0,0,0,0,0,0,0,0,0,0,0,0,0,0,0,0,0,0,0,0,0,0,0,0,0,0,0,0
1400,هیچکس منتظرت نیست,,مستند,5.0,1.0,,,,0,0,0,0,0,0,0,0,0,0,0,0,0,0,0,0,0,0,0,0,0,0,0,0,0,0,0,0,0,0,1,0,0,0,0,0,0,0,0,0,0,0,0
1400,معین شو ۵,عطیه مطلق،,کمدی,3.6,243.0,عطیه مطلق،,,,0,0,0,0,0,0,0,0,0,0,0,0,0,0,0,0,0,0,0,0,0,0,0,0,0,0,0,0,0,0,0,0,0,0,0,0,0,0,0,0,1,0,0
1400,کمدی موزیکال اره,سهراب رستمی,کمدی,3.3,57.0,محمد حاجی حسنی,,"سهراب رستمی, سپهر ملکوتی, حسین نوری",0,0,0,0,0,0,0,0,0,0,0,0,0,0,0,0,0,0,0,0,0,0,0,0,0,0,0,0,0,0,0,0,0,0,0,0,0,0,0,0,1,0,0
1400,سرباز شماره صفر,محمد سلیمی راد,اجتماعی,,,محمد سلیمی راد,,,1,0,0,0,0,0,0,0,0,0,0,0,0,0,0,0,0,0,0,0,0,0,0,0,0,0,0,0,0,0,0,0,0,0,0,0,0,0,0,0,0,0,0
1400,باکس فیلم کوتاه جلوه گاه شرق ۱ - Short Box - Eastern Vista - ۱,,فيلم کوتاه,4.0,,,,,0,0,0,0,0,0,0,0,0,0,0,0,0,0,0,0,0,0,0,0,0,0,0,0,0,0,1,0,0,0,0,0,0,0,0,0,0,0,0,0,0,0,0
1400,باکس فیلم کوتاه جلوه گاه شرق ۲ - Short Box - Eastern Vista - ۲,,فيلم کوتاه,4.0,,,,,0,0,0,0,0,0,0,0,0,0,0,0,0,0,0,0,0,0,0,0,0,0,0,0,0,0,1,0,0,0,0,0,0,0,0,0,0,0,0,0,0,0,0
1401,انفرادی,سیدمسعود اطیابی,کمدی,3.9,2612.0,ابراهیم عامریان,77586450000.0,"مهدی هاشمی, رضا عطاران, احمد مهرانفر",0,0,0,0,0,0,0,0,0,0,0,0,0,0,0,0,0,0,0,0,0,0,0,0,0,0,0,0,0,0,0,0,0,0,0,0,0,0,0,0,1,0,0
1401,بخارست,سیدمسعود اطیابی,کمدی,3.5,1188.0,علی طلوعی,54829138950.0,"حسین یاری, پژمان جمشیدی, امیرحسین آرمان",0,0,0,0,0,0,0,0,0,0,0,0,0,0,0,0,0,0,0,0,0,0,0,0,0,0,0,0,0,0,0,0,0,0,0,0,0,0,0,0,1,0,0
1401,سگ بند,مهران احمدی,کمدی,2.9,1172.0,محمدحسین قاسمی,42147827094.0,"امیر جعفری, بهرام افشاری, سیروس گرجستانی",0,0,0,0,0,0,0,0,0,0,0,0,0,0,0,0,0,0,0,0,0,0,0,0,0,0,0,0,0,0,0,0,0,0,0,0,0,0,0,0,1,0,0
1401,ملاقات خصوصی,امید شمس,عاشقانه,4.4,2183.0,امیر بنان,32980835500.0,"پریناز ایزدیار, هوتن شکیبا, رویا تیموریان",0,0,0,0,0,0,0,0,0,0,0,0,0,0,0,0,0,0,0,0,0,0,0,1,0,0,0,0,0,0,0,0,0,0,0,0,0,0,0,0,0,0,0
1401,پسر دلفینی,محمد خیراندیش,انيميشن,4.4,590.0,محمد همدانی,23598227250.0,,0,1,0,0,0,0,0,0,0,0,0,0,0,0,0,0,0,0,0,0,0,0,0,0,0,0,0,0,0,0,0,0,0,0,0,0,0,0,0,0,0,0,0
1401,علف‌ زار,کاظم دانشی,"اجتماعی, درام",4.4,1998.0,بهرام رادان,22112832000.0,"پژمان جمشیدی, سارا بهرامی, ستاره پسیانی",1,0,0,0,0,0,0,0,0,0,0,0,0,0,0,0,1,0,0,0,0,0,0,0,0,0,0,0,0,0,0,0,0,0,0,0,0,0,0,0,0,0,0
1401,تی تی,آیدا پناهنده,درام,3.9,1195.0,آیدا پناهنده,21545093500.0,"پارسا پیروزفر, الناز شاکردوست, هوتن شکیبا",0,0,0,0,0,0,0,0,0,0,0,0,0,0,0,0,1,0,0,0,0,0,0,0,0,0,0,0,0,0,0,0,0,0,0,0,0,0,0,0,0,0,0
1401,لوپتو.,عباس عسکری,"انيميشن, کودک و نوجوان",4.4,226.0,فرهاد امین زاده،,21374187000.0,,0,1,0,0,0,0,0,0,0,0,0,0,0,0,0,0,0,0,0,0,0,0,0,0,0,0,0,0,0,0,0,0,0,0,0,0,0,0,0,0,0,0,1
1401,ابلق,نرگس آبیار,"خانوادگي, درام",3.7,1074.0,محمدحسین قاسمی,20765937000.0,"بهرام رادان, الناز شاکردوست, هوتن شکیبا",0,0,0,0,0,0,0,0,0,0,0,0,0,0,1,0,1,0,0,0,0,0,0,0,0,0,0,0,0,0,0,0,0,0,0,0,0,0,0,0,0,0,0
1401,دوزیست,برزو نیک نژاد,اجتماعی,3.4,933.0,سعید خانی,19914235250.0,"جواد عزتی, هادی حجازی فر, پژمان جمشیدی",1,0,0,0,0,0,0,0,0,0,0,0,0,0,0,0,0,0,0,0,0,0,0,0,0,0,0,0,0,0,0,0,0,0,0,0,0,0,0,0,0,0,0
1401,چپ راست,حامد محمدی,کمدی,2.7,434.0,منوچهر محمدی,13467860750.0,"رامبد جوان, پیمان قاسم خانی, ویشکا آسایش",0,0,0,0,0,0,0,0,0,0,0,0,0,0,0,0,0,0,0,0,0,0,0,0,0,0,0,0,0,0,0,0,0,0,0,0,0,0,0,0,1,0,0
1401,موقعیت مهدی,هادی حجازی فر,عاشقانه,4.3,1752.0,حبیب الله والی نژاد,12596291750.0,"هادی حجازی فر, ژیلا شاهی, وحید آقاپور",0,0,0,0,0,0,0,0,0,0,0,0,0,0,0,0,0,0,0,0,0,0,0,1,0,0,0,0,0,0,0,0,0,0,0,0,0,0,0,0,0,0,0
1401,شادروان,حسین نمازی,کمدی,3.7,1521.0,عباس نادران,9514321000.0,"سینا مهراد, نازنین بیاتی, گلاره عباسی",0,0,0,0,0,0,0,0,0,0,0,0,0,0,0,0,0,0,0,0,0,0,0,0,0,0,0,0,0,0,0,0,0,0,0,0,0,0,0,0,1,0,0
1401,چند میگیری گریه کنی ۲,علی توکل نیا,"خانوادگي, کمدی",2.7,268.0,علی توکل نیا،,9479060750.0,"ابوالفضل پورعرب, حمید لولایی, حامد آهنگی",0,0,0,0,0,0,0,0,0,0,0,0,0,0,1,0,0,0,0,0,0,0,0,0,0,0,0,0,0,0,0,0,0,0,0,0,0,0,0,0,1,0,0
1401,خط استوا,اصغر نعیمی,کمدی,1.9,538.0,احسان ظلی پور,9425251750.0,"فرهاد اصلانی, سیامک انصاری, آزاده صمدی",0,0,0,0,0,0,0,0,0,0,0,0,0,0,0,0,0,0,0,0,0,0,0,0,0,0,0,0,0,0,0,0,0,0,0,0,0,0,0,0,1,0,0
1401,روز صفر,سعید ملکان,"اکشن, تريلر",4.6,1512.0,سعید ملکان،,9010158000.0,"امیر جدیدی, ساعد سهیلی, محمدرضا مالکی",0,0,1,0,0,0,0,0,1,0,0,0,0,0,0,0,0,0,0,0,0,0,0,0,0,0,0,0,0,0,0,0,0,0,0,0,0,0,0,0,0,0,0
1401,مرد بازنده,محمدحسین مهدویان,معمايي,3.6,1294.0,کامران حجازی،,6246647500.0,"جواد عزتی, رعنا آزادی ور, آناهیتا درگاهی",0,0,0,0,0,0,0,0,0,0,0,0,0,0,0,0,0,0,0,0,0,0,0,0,0,0,0,0,0,0,0,1,0,0,0,0,0,0,0,0,0,0,0
1401,جزیره فضایی (تورنادو ۲),سیدجواد هاشمی,کودک,3.9,84.0,سیدجواد هاشمی,5754824500.0,"اکبر عبدی, کامران تفتی, بهنوش بختیاری",0,0,0,0,0,0,0,0,0,0,0,0,0,0,0,0,0,0,0,0,0,0,0,0,0,0,0,0,0,0,0,0,0,0,0,0,0,0,0,0,0,1,0
1401,بام بالا,سید جمال سید حاتمی,کودک و نوجوان,3.6,70.0,بهروز مفید,4597094000.0,"حمید لولایی, امیر غفارمنش, حسین سلیمانی",0,0,0,0,0,0,0,0,0,0,0,0,0,0,0,0,0,0,0,0,0,0,0,0,0,0,0,0,0,0,0,0,0,0,0,0,0,0,0,0,0,0,1
1401,بدون قرار قبلی,بهروز شعیبی,"اجتماعی, درام",3.7,658.0,محمود بابایی,3400443000.0,"پگاه آهنگرانی, مصطفی زمانی, الهام کردا",1,0,0,0,0,0,0,0,0,0,0,0,0,0,0,0,1,0,0,0,0,0,0,0,0,0,0,0,0,0,0,0,0,0,0,0,0,0,0,0,0,0,0
1401,بازیووو,امیرحسین قهرایی,کودک و نوجوان,3.8,116.0,,2575167199.0,"پژمان بازغی, محمدرضا هدایتی, برزو ارجمند",0,0,0,0,0,0,0,0,0,0,0,0,0,0,0,0,0,0,0,0,0,0,0,0,0,0,0,0,0,0,0,0,0,0,0,0,0,0,0,0,0,0,1
1401,مغز استخوان,حمیدرضا قربانی,اجتماعی,3.9,309.0,حسین پورمحمدی,2166110000.0,"پریناز ایزدیار, بابک حمیدیان, نوید پورفرج",1,0,0,0,0,0,0,0,0,0,0,0,0,0,0,0,0,0,0,0,0,0,0,0,0,0,0,0,0,0,0,0,0,0,0,0,0,0,0,0,0,0,0
1401,بانک زده‌‌ها,جواد اردکانی,اجتماعی,2.7,149.0,علی روئین تن,2037028750.0,"علی انصاریان, سحر قریشی, نسرین مقانلو",1,0,0,0,0,0,0,0,0,0,0,0,0,0,0,0,0,0,0,0,0,0,0,0,0,0,0,0,0,0,0,0,0,0,0,0,0,0,0,0,0,0,0
1401,زالاوا,ارسلان امیری,"عاشقانه, دلهره آور",3.9,454.0,سمیرا برادری،,2035267750.0,"نوید پورفرج, پوریا رحیمی سام, هدی زین العابدین",0,0,0,0,0,0,0,0,0,0,0,0,0,0,0,0,0,0,1,0,0,0,0,1,0,0,0,0,0,0,0,0,0,0,0,0,0,0,0,0,0,0,0
1401,پالتو شتری,مهدی علی‌میرزایی,کمدی,3.3,117.0,مجید شیخ انصاری,1914277750.0,"سام درخشانی, بانیپال شومون, بهاره کیان افشار",0,0,0,0,0,0,0,0,0,0,0,0,0,0,0,0,0,0,0,0,0,0,0,0,0,0,0,0,0,0,0,0,0,0,0,0,0,0,0,0,1,0,0
1401,لامینور,داریوش مهرجویی,"اجتماعی, درام",2.3,372.0,رضا درمیشیان,1492718000.0,"علی نصیریان, پردیس احمدیه, سیامک انصاری",1,0,0,0,0,0,0,0,0,0,0,0,0,0,0,0,1,0,0,0,0,0,0,0,0,0,0,0,0,0,0,0,0,0,0,0,0,0,0,0,0,0,0
1401,طلاخون,ابراهیم شیبانی,اجتماعی,3.5,167.0,حسن کلامی,1138815000.0,"شهاب حسینی, حسام منظور, ترنم کرمانیان",1,0,0,0,0,0,0,0,0,0,0,0,0,0,0,0,0,0,0,0,0,0,0,0,0,0,0,0,0,0,0,0,0,0,0,0,0,0,0,0,0,0,0
1401,کوزوو,میثم هاشمی‌ طبا,"اجتماعی, کمدی",2.1,115.0,حسن کلامی,1110130000.0,"کورش تهامی, فرهاد آئیش, روشنک گرامی",1,0,0,0,0,0,0,0,0,0,0,0,0,0,0,0,0,0,0,0,0,0,0,0,0,0,0,0,0,0,0,0,0,0,0,0,0,0,0,0,1,0,0
1401,گل به خودی,احمد تجری,"فانتزي, کمدی, کودک",2.6,53.0,علی قائم مقامی,992030000.0,"شقایق فراهانی, نسیم ادبی, علیرضا استادی",0,0,0,0,0,0,0,0,0,0,0,0,0,0,0,0,0,0,0,0,0,0,0,0,1,0,0,0,0,0,0,0,0,0,0,0,0,0,0,0,1,1,0
1401,نقره داغ.,محسن آقاخان,کمدی,2.3,55.0,غلامرضا گمرکی,931951000.0,"اکبر عبدی, پوریا پورسرخ, نگار عابدی",0,0,0,0,0,0,0,0,0,0,0,0,0,0,0,0,0,0,0,0,0,0,0,0,0,0,0,0,0,0,0,0,0,0,0,0,0,0,0,0,1,0,0
1401,والدین امانتی,حسین قناعت,کودک و نوجوان,4.1,55.0,حسین قناعت,878989000.0,"بیژن بنفشه خواه, شبنم قلی خانی, آناهیتا همتی",0,0,0,0,0,0,0,0,0,0,0,0,0,0,0,0,0,0,0,0,0,0,0,0,0,0,0,0,0,0,0,0,0,0,0,0,0,0,0,0,0,0,1
1401,شین,میثم کزازی,"درام, دلهره آور",2.9,104.0,شهاب حسینی,830996000.0,"شهاب حسینی, علی شادمان, جمشید هاشم پور",0,0,0,0,0,0,0,0,0,0,0,0,0,0,0,0,1,0,1,0,0,0,0,0,0,0,0,0,0,0,0,0,0,0,0,0,0,0,0,0,0,0,0
1401,طبقه یک و نیم,نوید اسماعیلی,"اجتماعی, کمدی",3.5,357.0,غلامرضا آزادی,804632000.0,"مهدی هاشمی, صحرا اسدالهی, سیروس همتی",1,0,0,0,0,0,0,0,0,0,0,0,0,0,0,0,0,0,0,0,0,0,0,0,0,0,0,0,0,0,0,0,0,0,0,0,0,0,0,0,1,0,0
1401,روز ششم,حجت قاسم‌زاده اصل,"درام, معمايي",3.5,148.0,رحمان سیفی آزاد,798242000.0,"مصطفی زمانی, امیر جعفری, بهاره افشاری",0,0,0,0,0,0,0,0,0,0,0,0,0,0,0,0,1,0,0,0,0,0,0,0,0,0,0,0,0,0,0,1,0,0,0,0,0,0,0,0,0,0,0
1401,بی صدا حلزون,بهرنگ دزفولی‌زاده,,3.7,99.0,مرتضی شایسته,698374000.0,"هانیه توسلی, مهران احمدی, پدرام شریفی",0,0,0,0,0,0,0,0,0,0,0,0,0,0,0,0,0,0,0,0,0,0,0,0,0,0,0,0,0,0,0,0,0,0,0,0,0,0,0,0,0,0,0
1401,شب طلایی,یوسف حاتمی کیا,اجتماعی,3.7,216.0,ابراهیم حاتمی کیا,278936500.0,"حسن معجونی, مریم سعادت, یکتا ناصر",1,0,0,0,0,0,0,0,0,0,0,0,0,0,0,0,0,0,0,0,0,0,0,0,0,0,0,0,0,0,0,0,0,0,0,0,0,0,0,0,0,0,0
1401,پیتوک-,مجید صالحی,"تريلر, درام",2.7,79.0,سید محمد قاضی,233561000.0,"مهتاب کرامتی, هادی حجازی فر, الناز حبیبی",0,0,0,0,0,0,0,0,1,0,0,0,0,0,0,0,1,0,0,0,0,0,0,0,0,0,0,0,0,0,0,0,0,0,0,0,0,0,0,0,0,0,0
1401,قدغن,مجید مافی,اجتماعی,2.5,66.0,محمدحسین فرح بخش,222554500.0,"سام درخشانی, ساناز سعیدی, افسانه چهره آزاد",1,0,0,0,0,0,0,0,0,0,0,0,0,0,0,0,0,0,0,0,0,0,0,0,0,0,0,0,0,0,0,0,0,0,0,0,0,0,0,0,0,0,0
1401,نمور,داوود بیدل,اجتماعی,2.9,82.0,سید یاسر جعفری,199717500.0,"محمدرضا علیمردانی, سمیرا حسن پور, نسیم ادبی",1,0,0,0,0,0,0,0,0,0,0,0,0,0,0,0,0,0,0,0,0,0,0,0,0,0,0,0,0,0,0,0,0,0,0,0,0,0,0,0,0,0,0
1401,سلفی با دموکراسی,علی عطشانی,کمدی,2.7,39.0,علی عطشانی,113178500.0,"پژمان بازغی, پولاد کیمیایی, کورش تهامی",0,0,0,0,0,0,0,0,0,0,0,0,0,0,0,0,0,0,0,0,0,0,0,0,0,0,0,0,0,0,0,0,0,0,0,0,0,0,0,0,1,0,0
1401,بیرو,مرتضی علی عباس میرزایی,ورزشي,2.7,116.0,مجید برزگر,96162500.0,"امیرحسین بیرانوند, سهیل قنادان, مهران نائل",0,0,0,0,0,0,0,0,0,0,0,0,0,0,0,0,0,0,0,0,0,0,0,0,0,0,0,0,0,0,0,0,0,0,0,0,0,1,0,0,0,0,0
1401,رویای سهراب,علی قوی تن,بيوگرافي,3.6,25.0,علی قوی تن,53112000.0,"مهدی سلطانی‌, بهاره کیان افشار, لاله اسکندری",0,0,0,1,0,0,0,0,0,0,0,0,0,0,0,0,0,0,0,0,0,0,0,0,0,0,0,0,0,0,0,0,0,0,0,0,0,0,0,0,0,0,0
1401,پدر و دختر,خسرو ملکان,اجتماعی,2.4,7.0,,24790000.0,"بهمن دان, ساغر عزیزی, آرزو یگانه",1,0,0,0,0,0,0,0,0,0,0,0,0,0,0,0,0,0,0,0,0,0,0,0,0,0,0,0,0,0,0,0,0,0,0,0,0,0,0,0,0,0,0
1401,پسران دریا,حسین قاسمی جامی,"اجتماعی, درام",4.1,18.0,بهروز نشان,18381500.0,"مونا فرجاد, مهنوش شیخی, یاسین حبیب‌ پور",1,0,0,0,0,0,0,0,0,0,0,0,0,0,0,0,1,0,0,0,0,0,0,0,0,0,0,0,0,0,0,0,0,0,0,0,0,0,0,0,0,0,0
1401,عینک,رضا آقایی,"خانوادگي, درام, کودک و نوجوان",4.0,,مهدی عظیمی میرآبادی,,"راستین عزیزپور, سانیا رمضانی, مهدی هاشمی",0,0,0,0,0,0,0,0,0,0,0,0,0,0,1,0,1,0,0,0,0,0,0,0,0,0,0,0,0,0,0,0,0,0,0,0,0,0,0,0,0,0,1
1401,تست,مهدی شیخی,"موزيکال, کمدی",3.7,19.0,,,"امیرحسین اسماعیل زاده, مرتضی اسماعیلی, مرتضی محمدی",0,0,0,0,0,0,0,0,0,0,0,0,0,0,0,0,0,0,0,0,0,0,0,0,0,0,0,0,0,0,0,0,0,1,0,0,0,0,0,0,1,0,0
1401,مارمولک.,مهدی شیخی,کمدی,3.4,37.0,مهدی شیخی,,"فریدون احمدی, امیرحسین اسماعیل زاده, ایمان نوروزی",0,0,0,0,0,0,0,0,0,0,0,0,0,0,0,0,0,0,0,0,0,0,0,0,0,0,0,0,0,0,0,0,0,0,0,0,0,0,0,0,1,0,0
1401,خروس بی محل,سیدمهدی قیومی،,کمدی,3.6,107.0,سیدمهدی قیومی,,"لادن عندلیب, سیدمهدی قیومی, محمدحسین غفاری",0,0,0,0,0,0,0,0,0,0,0,0,0,0,0,0,0,0,0,0,0,0,0,0,0,0,0,0,0,0,0,0,0,0,0,0,0,0,0,0,1,0,0
1401,شاه دزد,مهدی صادقی,کمدی,3.5,75.0,رضا پسندیان,,"علی واعظی پور, سعید نوری, فرشته محمدی",0,0,0,0,0,0,0,0,0,0,0,0,0,0,0,0,0,0,0,0,0,0,0,0,0,0,0,0,0,0,0,0,0,0,0,0,0,0,0,0,1,0,0
1402,فسیل,کریم امینی,کمدی,4.4,5373.0,ابراهیم عامریان,324356659510.0,"بهرام افشاری, هادی کاظمی, الناز حبیبی",0,0,0,0,0,0,0,0,0,0,0,0,0,0,0,0,0,0,0,0,0,0,0,0,0,0,0,0,0,0,0,0,0,0,0,0,0,0,0,0,1,0,0
1402,هتل,سیدمسعود اطیابی,کمدی,4.4,4689.0,محمد شایسته,275463584331.0,"پژمان جمشیدی, محسن کیایی, صدف اسپهبدی",0,0,0,0,0,0,0,0,0,0,0,0,0,0,0,0,0,0,0,0,0,0,0,0,0,0,0,0,0,0,0,0,0,0,0,0,0,0,0,0,1,0,0
1402,هاوایی,بهمن گودرزی,کمدی,2.5,1133.0,مرتضی شایسته,83145323250.0,"امین حیایی, امیر جعفری, ریحانه پارسا",0,0,0,0,0,0,0,0,0,0,0,0,0,0,0,0,0,0,0,0,0,0,0,0,0,0,0,0,0,0,0,0,0,0,0,0,0,0,0,0,1,0,0
1402,شهر هرت,کریم امینی,کمدی,2.8,1140.0,محمدحسین فرح بخش,77541914557.0,"پژمان جمشیدی, شبنم مقدمی, بابک کریمی",0,0,0,0,0,0,0,0,0,0,0,0,0,0,0,0,0,0,0,0,0,0,0,0,0,0,0,0,0,0,0,0,0,0,0,0,0,0,0,0,1,0,0
1402,ویلای ساحلی,کیانوش عیاری,"اجتماعی, خانوادگي",2.0,1692.0,رضا رخشان,63599787500.0,"رضا عطاران, پژمان جمشیدی, ریما رامین‌ فر",1,0,0,0,0,0,0,0,0,0,0,0,0,0,1,0,0,0,0,0,0,0,0,0,0,0,0,0,0,0,0,0,0,0,0,0,0,0,0,0,0,0,0
1402,بچه زرنگ,,"ماجراجويي, کودک و نوجوان",4.1,548.0,حامد جعفری,62290875310.0,"هومن حاجی عبداللهی, سعید شیخ زاده, هدایت هاشمی",0,0,0,0,0,0,0,0,0,0,0,0,0,0,0,0,0,0,0,0,0,0,0,0,0,0,0,1,0,0,0,0,0,0,0,0,0,0,0,0,0,0,1
1402,ورود و خروج ممنوع,امید آقایی جلیانی,کمدی,2.6,579.0,مرتضی شایسته,31235967000.0,"محمدرضا شریفی‌ نیا, اکبر عبدی, هادی کاظمی",0,0,0,0,0,0,0,0,0,0,0,0,0,0,0,0,0,0,0,0,0,0,0,0,0,0,0,0,0,0,0,0,0,0,0,0,0,0,0,0,1,0,0
1402,نارگیل ۲,داود اطیابی,کمدی,3.4,281.0,سید ابراهیم عامریان,27934120170.0,"غلامحسین لطفی, بیژن بنفشه خواه, علیرضا استادی",0,0,0,0,0,0,0,0,0,0,0,0,0,0,0,0,0,0,0,0,0,0,0,0,0,0,0,0,0,0,0,0,0,0,0,0,0,0,0,0,1,0,0
1402,سه کام حبس,سامان سالور,اجتماعی,3.0,699.0,سامان سالور,19681419000.0,"محسن تنابنده, پریناز ایزدیار, سمیرا حسن پور",1,0,0,0,0,0,0,0,0,0,0,0,0,0,0,0,0,0,0,0,0,0,0,0,0,0,0,0,0,0,0,0,0,0,0,0,0,0,0,0,0,0,0
1402,آهنگ دو نفره,آرزو ارزانش,کمدی,3.3,540.0,جواد نوروزبیگی,19441750500.0,"احمد مهرانفر, بهاره کیان افشار, امیرحسین رستمی",0,0,0,0,0,0,0,0,0,0,0,0,0,0,0,0,0,0,0,0,0,0,0,0,0,0,0,0,0,0,0,0,0,0,0,0,0,0,0,0,1,0,0
1402,گیجگاه,عادل تبریزی,"عاشقانه, کمدی",2.7,567.0,حنیف سروری،,15783386000.0,"حامد بهداد, باران کوثری, سروش صحت",0,0,0,0,0,0,0,0,0,0,0,0,0,0,0,0,0,0,0,0,0,0,0,1,0,0,0,0,0,0,0,0,0,0,0,0,0,0,0,0,1,0,0
1402,کت چرمی,حسین میرزامحمدی,"درام, معمايي",3.2,557.0,کامران حجازی,14463999725.0,"جواد عزتی, صابر ابر, گلاره عباسی",0,0,0,0,0,0,0,0,0,0,0,0,0,0,0,0,1,0,0,0,0,0,0,0,0,0,0,0,0,0,0,1,0,0,0,0,0,0,0,0,0,0,0
1402,مسافری از گانورا,سیداحمد علمدار,"انيميشن, کودک و نوجوان",4.1,183.0,,13635992250.0,,0,1,0,0,0,0,0,0,0,0,0,0,0,0,0,0,0,0,0,0,0,0,0,0,0,0,0,0,0,0,0,0,0,0,0,0,0,0,0,0,0,0,1
1402,جوجه تیغی,مستانه مهاجر,کمدی,3.0,438.0,,11927997500.0,"حامد کمیلی, پانته آ پناهی‌ها, هادی کاظمی",0,0,0,0,0,0,0,0,0,0,0,0,0,0,0,0,0,0,0,0,0,0,0,0,0,0,0,0,0,0,0,0,0,0,0,0,0,0,0,0,1,0,0
1402,عروس خیابان فرشته,مهدی خسروی,اجتماعی,3.1,289.0,محمدرضا شریفی‌ نیا,10301046000.0,"محمدرضا شریفی‌ نیا, عاطفه رضوی, مهراوه شریفی نیا",1,0,0,0,0,0,0,0,0,0,0,0,0,0,0,0,0,0,0,0,0,0,0,0,0,0,0,0,0,0,0,0,0,0,0,0,0,0,0,0,0,0,0
1402,غریب,محمدحسین لطیفی,"جنگي, دفاع مقدس",4.5,968.0,حامد عنقا,10022785250.0,"بابک حمیدیان, مهران احمدی, رحیم نوروزی",0,0,0,0,0,0,0,0,0,0,0,1,0,0,0,0,0,1,0,0,0,0,0,0,0,0,0,0,0,0,0,0,0,0,0,0,0,0,0,0,0,0,0
1402,عروسی مردم,مجید توکلی,درام,2.5,328.0,علی سرتیپی,8695128000.0,"نازنین بیاتی, شکیب شجره, زهرا داوودنژاد",0,0,0,0,0,0,0,0,0,0,0,0,0,0,0,0,1,0,0,0,0,0,0,0,0,0,0,0,0,0,0,0,0,0,0,0,0,0,0,0,0,0,0
1402,مصلحت,حسین دارابی,"سياسي, معمايي",4.2,726.0,محمدرضا شفاه,7372416500.0,"فرهاد قائمیان, وحید رهبانی, مهدی حسینی نیا",0,0,0,0,0,0,0,0,0,0,0,0,0,0,0,0,0,0,0,0,0,0,1,0,0,0,0,0,0,0,0,1,0,0,0,0,0,0,0,0,0,0,0
1402,جنگ جهانی سوم,هومن سیدی,"اجتماعی, درام",4.1,636.0,هومن سیدی,6876546000.0,"محسن تنابنده, ندا جبرئیلی, مهسا حجازی",1,0,0,0,0,0,0,0,0,0,0,0,0,0,0,0,1,0,0,0,0,0,0,0,0,0,0,0,0,0,0,0,0,0,0,0,0,0,0,0,0,0,0
1402,عامه‌ پسند,سهیل بیرقی,اجتماعی,3.4,414.0,سهیل بیرقی,6691873500.0,"فاطمه معتمدآریا, هوتن شکیبا, باران کوثری",1,0,0,0,0,0,0,0,0,0,0,0,0,0,0,0,0,0,0,0,0,0,0,0,0,0,0,0,0,0,0,0,0,0,0,0,0,0,0,0,0,0,0
1402,بی مادر,سید مرتضی فاطمی,اجتماعی,3.6,464.0,محمدرضا مصباح,6088693500.0,"امیر آقایی, پژمان جمشیدی, میترا حجار",1,0,0,0,0,0,0,0,0,0,0,0,0,0,0,0,0,0,0,0,0,0,0,0,0,0,0,0,0,0,0,0,0,0,0,0,0,0,0,0,0,0,0
1402,حدود ۸ صبح,منوچهر هادی,اجتماعی,3.4,292.0,,5869450000.0,"حمید فرخ نژاد, یکتا ناصر, کامبیز دیرباز",1,0,0,0,0,0,0,0,0,0,0,0,0,0,0,0,0,0,0,0,0,0,0,0,0,0,0,0,0,0,0,0,0,0,0,0,0,0,0,0,0,0,0
1402,هولیا,مرتضی آتش زمزم,کمدی,2.5,285.0,ایرج تقی پور,5239780250.0,"پوریا پورسرخ, محمدرضا هدایتی, علی انصاریان",0,0,0,0,0,0,0,0,0,0,0,0,0,0,0,0,0,0,0,0,0,0,0,0,0,0,0,0,0,0,0,0,0,0,0,0,0,0,0,0,1,0,0
1402,دسته دختران,منیر قیدی,"جنگي, دفاع مقدس",3.4,312.0,محمدرضا منصوری,4280727750.0,"نیکی کریمی, پانته آ پناهی‌ها, فرشته حسینی",0,0,0,0,0,0,0,0,0,0,0,1,0,0,0,0,0,1,0,0,0,0,0,0,0,0,0,0,0,0,0,0,0,0,0,0,0,0,0,0,0,0,0
1402,بابا سیبیلو,ادوین خاچیکیان,کودک,2.7,50.0,احمد احمدی,4207819750.0,"رضا شفیعی جم, بهاره رهنما, امیرحسین صدیق",0,0,0,0,0,0,0,0,0,0,0,0,0,0,0,0,0,0,0,0,0,0,0,0,0,0,0,0,0,0,0,0,0,0,0,0,0,0,0,0,0,1,0
1402,آخرین تولد,نوید محمودی,درام,2.6,208.0,جمشید محمودی,4023678500.0,"الناز شاکردوست, پدرام شریفی, شیدا خلیق",0,0,0,0,0,0,0,0,0,0,0,0,0,0,0,0,1,0,0,0,0,0,0,0,0,0,0,0,0,0,0,0,0,0,0,0,0,0,0,0,0,0,0
1402,ستاره بازی,هاتف علیمردانی,اجتماعی,3.3,225.0,علی سرتیپی,3269018500.0,"فرهاد اصلانی, شبنم مقدمی, ملیسا ذاکری",1,0,0,0,0,0,0,0,0,0,0,0,0,0,0,0,0,0,0,0,0,0,0,0,0,0,0,0,0,0,0,0,0,0,0,0,0,0,0,0,0,0,0
1402,معجزه عشق,محمدرضا ممتاز,کمدی,2.0,138.0,,2910939000.0,"اکبر عبدی, کیمیا باباییان, میرطاهر مظلومی",0,0,0,0,0,0,0,0,0,0,0,0,0,0,0,0,0,0,0,0,0,0,0,0,0,0,0,0,0,0,0,0,0,0,0,0,0,0,0,0,1,0,0
1402,جنگل پرتقال,آرمان خوانساریان,"درام, عاشقانه",4.0,481.0,رسول صدرعاملی,2814199500.0,"سارا بهرامی, میرسعید مولویان, رضا بهبودی",0,0,0,0,0,0,0,0,0,0,0,0,0,0,0,0,1,0,0,0,0,0,0,1,0,0,0,0,0,0,0,0,0,0,0,0,0,0,0,0,0,0,0
1402,نگهبان شب,رضا میرکریمی,درام,3.9,510.0,رضا میرکریمی,2396052000.0,"تورج الوند, لاله مرزبان, محسن کیایی",0,0,0,0,0,0,0,0,0,0,0,0,0,0,0,0,1,0,0,0,0,0,0,0,0,0,0,0,0,0,0,0,0,0,0,0,0,0,0,0,0,0,0
1402,ضد,امیرعباس ربیعی,"تريلر, سياسي, عاشقانه",3.4,261.0,محمدرضا شفیعی,2184944500.0,"لیلا زارع, مهدی نصرتی, نادر سلیمانی",0,0,0,0,0,0,0,0,1,0,0,0,0,0,0,0,0,0,0,0,0,0,1,1,0,0,0,0,0,0,0,0,0,0,0,0,0,0,0,0,0,0,0
1402,روشن,روح‌الله حجازی,اجتماعی,3.0,285.0,جواد نوروزبیگی،,2121781500.0,"رضا عطاران, سیامک انصاری, سارا بهرامی",1,0,0,0,0,0,0,0,0,0,0,0,0,0,0,0,0,0,0,0,0,0,0,0,0,0,0,0,0,0,0,0,0,0,0,0,0,0,0,0,0,0,0
1402,یقه سفیدها,شهرام مسلخی,"اجتماعی, کمدی",2.3,142.0,شهرام مسلخی,2110452500.0,"مهدی هاشمی, لیلا اوتادی, ایمان صفا",1,0,0,0,0,0,0,0,0,0,0,0,0,0,0,0,0,0,0,0,0,0,0,0,0,0,0,0,0,0,0,0,0,0,0,0,0,0,0,0,1,0,0
1402,سلفی با رستم,حسین قناعت,کودک و نوجوان,4.0,67.0,حسین قناعت,1753682000.0,"امیرحسین صدیق, شقایق فراهانی, آناهیتا همتی",0,0,0,0,0,0,0,0,0,0,0,0,0,0,0,0,0,0,0,0,0,0,0,0,0,0,0,0,0,0,0,0,0,0,0,0,0,0,0,0,0,0,1
1402,سرهنگ ثریا,لیلی عاج,درام,3.6,141.0,جلیل شعبانی,1737159500.0,"ژاله صامتی, حمیدرضا محمدی, وحید آقاپور",0,0,0,0,0,0,0,0,0,0,0,0,0,0,0,0,1,0,0,0,0,0,0,0,0,0,0,0,0,0,0,0,0,0,0,0,0,0,0,0,0,0,0
1402,تصور,علی بهراد,درام,3.4,204.0,جواد نوروزبیگی,1704876500.0,"لیلا حاتمی, مهرداد صدیقیان, سما سوار",0,0,0,0,0,0,0,0,0,0,0,0,0,0,0,0,1,0,0,0,0,0,0,0,0,0,0,0,0,0,0,0,0,0,0,0,0,0,0,0,0,0,0
1402,اخت‌ الرضا,سیدمجتبی طباطبایی,مذهبي,4.1,143.0,,1394662500.0,,0,0,0,0,0,0,0,0,0,0,0,0,0,0,0,0,0,0,0,0,0,0,0,0,0,0,0,0,0,1,0,0,0,0,0,0,0,0,0,0,0,0,0
1402,شهرک,علی حضرتی,اجتماعی,3.2,272.0,علی سرتیپی,1294506000.0,"ساعد سهیلی, کاظم سیاحی, مهتاب ثروتی",1,0,0,0,0,0,0,0,0,0,0,0,0,0,0,0,0,0,0,0,0,0,0,0,0,0,0,0,0,0,0,0,0,0,0,0,0,0,0,0,0,0,0
1402,بعد از رفتن,رضا نجاتی,درام,2.9,77.0,محمود بابایی,1014182500.0,"صابر ابر, سارا بهرامی, پوریا رحیمی سام",0,0,0,0,0,0,0,0,0,0,0,0,0,0,0,0,1,0,0,0,0,0,0,0,0,0,0,0,0,0,0,0,0,0,0,0,0,0,0,0,0,0,0
1402,دست انداز,کمال تبریزی,درام,3.0,140.0,محمد آفریده,870783000.0,"رضا کیانیان, امید نعمتی, هدی زین العابدین",0,0,0,0,0,0,0,0,0,0,0,0,0,0,0,0,1,0,0,0,0,0,0,0,0,0,0,0,0,0,0,0,0,0,0,0,0,0,0,0,0,0,0
1402,زنبور کارگر,افشین صادقی,اجتماعی,3.2,91.0,افشین صادقی,822453500.0,,1,0,0,0,0,0,0,0,0,0,0,0,0,0,0,0,0,0,0,0,0,0,0,0,0,0,0,0,0,0,0,0,0,0,0,0,0,0,0,0,0,0,0
1402,پالایشگاه,مهرداد خوشبخت,"تاريخي, جنگي",4.1,138.0,سعید سعدی,580333000.0,"بانیپال شومون, امیررضا دلاوری, الهام نامی",0,0,0,0,0,1,0,0,0,0,0,1,0,0,0,0,0,0,0,0,0,0,0,0,0,0,0,0,0,0,0,0,0,0,0,0,0,0,0,0,0,0,0
1402,پرونده باز است,کیومرث پوراحمد,اجتماعی,2.5,75.0,علی قائم مقامی,577286000.0,"پژمان بازغی, محمدرضا غفاری, نسیم ادبی",1,0,0,0,0,0,0,0,0,0,0,0,0,0,0,0,0,0,0,0,0,0,0,0,0,0,0,0,0,0,0,0,0,0,0,0,0,0,0,0,0,0,0
1402,فصل ماهی سفید,قربان نجفی,اجتماعی,2.8,83.0,آرش سجادی حسینی,501424000.0,"محمدرضا فروتن, لادن مستوفی, میلاد کی مرام",1,0,0,0,0,0,0,0,0,0,0,0,0,0,0,0,0,0,0,0,0,0,0,0,0,0,0,0,0,0,0,0,0,0,0,0,0,0,0,0,0,0,0
1402,ستون ۱۴,امیرحسین همتی,اجتماعی,3.5,209.0,علیرضا قاسم‌خان,419692500.0,"میترا حجار, روزبه حصاری, میلاد رحیمی",1,0,0,0,0,0,0,0,0,0,0,0,0,0,0,0,0,0,0,0,0,0,0,0,0,0,0,0,0,0,0,0,0,0,0,0,0,0,0,0,0,0,0
1402,چرا گریه نمی‌ کنی,علیرضا معتمدی,درام,3.7,94.0,سیدرضا محقق,391538500.0,"علیرضا معتمدی, فرشته حسینی, باران کوثری",0,0,0,0,0,0,0,0,0,0,0,0,0,0,0,0,1,0,0,0,0,0,0,0,0,0,0,0,0,0,0,0,0,0,0,0,0,0,0,0,0,0,0
1402,توچال,محمد آهنگرانی,درام,2.2,77.0,سیدمحسن جاهد,327840500.0,"پژمان بازغی, لیلا زارع, دیبا زاهدی",0,0,0,0,0,0,0,0,0,0,0,0,0,0,0,0,1,0,0,0,0,0,0,0,0,0,0,0,0,0,0,0,0,0,0,0,0,0,0,0,0,0,0
1402,آهو,هوشنگ گلمکانی,درام,3.5,72.0,جواد نوروزبیگی,223755000.0,"علی مصفا, حامد کمیلی, سپیده آرمان",0,0,0,0,0,0,0,0,0,0,0,0,0,0,0,0,1,0,0,0,0,0,0,0,0,0,0,0,0,0,0,0,0,0,0,0,0,0,0,0,0,0,0
1402,خورشید آن ماه,ستاره اسکندری,درام,3.8,56.0,منوچهر محمدی,185519000.0,"نازنین فراهانی, پژمان بازغی, امیرحسین هاشمی",0,0,0,0,0,0,0,0,0,0,0,0,0,0,0,0,1,0,0,0,0,0,0,0,0,0,0,0,0,0,0,0,0,0,0,0,0,0,0,0,0,0,0
1402,انیمیشن رستم و سهراب,کیانوش دالوند,کودک و نوجوان,3.0,8.0,داریوش دالوند,168955000.0,مجید حبیبی,0,0,0,0,0,0,0,0,0,0,0,0,0,0,0,0,0,0,0,0,0,0,0,0,0,0,0,0,0,0,0,0,0,0,0,0,0,0,0,0,0,0,1
1402,پدران,سالم صلواتی,درام,3.0,23.0,شهرام مسلخی,157450000.0,"هدایت هاشمی, گلاره عباسی, علیرضا ثانی فر",0,0,0,0,0,0,0,0,0,0,0,0,0,0,0,0,1,0,0,0,0,0,0,0,0,0,0,0,0,0,0,0,0,0,0,0,0,0,0,0,0,0,0
1402,رویای کاغذی,علی عطشانی,درام,3.0,37.0,سعید پاکستانی،,115401500.0,"کامران تفتی, مینا وحید, زینب ملاکی",0,0,0,0,0,0,0,0,0,0,0,0,0,0,0,0,1,0,0,0,0,0,0,0,0,0,0,0,0,0,0,0,0,0,0,0,0,0,0,0,0,0,0
1402,ارثیه فامیلی,حامد رضی,"اجتماعی, کمدی",2.3,9.0,مهدی احمدی,58084500.0,"محمد متوسلانی, مهشید افشارزاده, کیمیا گیلانی",1,0,0,0,0,0,0,0,0,0,0,0,0,0,0,0,0,0,0,0,0,0,0,0,0,0,0,0,0,0,0,0,0,0,0,0,0,0,0,0,1,0,0
1402,بچه‌های طوفان,صادق صادق دقیقی,کودک و نوجوان,2.7,21.0,,31939000.0,"پژمان بازغی, مریم بوبانی, پرهام دلدار",0,0,0,0,0,0,0,0,0,0,0,0,0,0,0,0,0,0,0,0,0,0,0,0,0,0,0,0,0,0,0,0,0,0,0,0,0,0,0,0,0,0,1
1402,میان صخره‌ها,مختار عبداللهی,اجتماعی,3.5,17.0,محمد احمدی,26750000.0,"اسماعیل مرادی, مریم آل‌احمد, حمیدرضا غیبی",1,0,0,0,0,0,0,0,0,0,0,0,0,0,0,0,0,0,0,0,0,0,0,0,0,0,0,0,0,0,0,0,0,0,0,0,0,0,0,0,0,0,0
1402,توطئه آمیز ۴ (Insidious: The Last Key),Adam Robitel,"ترسناک, ماجراجويي, زیرنویس",4.3,6.0,,,,0,0,0,0,0,0,0,1,0,0,0,0,0,0,0,0,0,0,0,0,0,1,0,0,0,0,0,1,0,0,0,0,0,0,0,0,0,0,0,0,0,0,0
1402,زندگی شیرین,مجتبا اسپنانی,"اجتماعی, کمدی",4.3,12.0,مجید صدیقی,,"شهره موسوی, ایمان نظیفی, شاهده خدادادی",1,0,0,0,0,0,0,0,0,0,0,0,0,0,0,0,0,0,0,0,0,0,0,0,0,0,0,0,0,0,0,0,0,0,0,0,0,0,0,0,1,0,0
1402,بل و شاهزاده‌ مغرور,علیرضا دهقانی,کودک و نوجوان,5.0,3.0,ماندانا عبقری,,"ماندانا عبقری, دیار باغی, محمدرضا لطفی",0,0,0,0,0,0,0,0,0,0,0,0,0,0,0,0,0,0,0,0,0,0,0,0,0,0,0,0,0,0,0,0,0,0,0,0,0,0,0,0,0,0,1
1402,گاو زنگوله پا,مهرداد قرآن کیش,کودک و نوجوان,1.0,1.0,گروه هنری تاک,,"سامان فرشیدنیا, فرشید عسگری, زهرا سماواتی",0,0,0,0,0,0,0,0,0,0,0,0,0,0,0,0,0,0,0,0,0,0,0,0,0,0,0,0,0,0,0,0,0,0,0,0,0,0,0,0,0,0,1
1402,توطئه آمیز ۲ (Insidious II),جیمز ون,"ترسناک, معمايي, هيجاني",4.0,2.0,Jason Blum Oren Peli,,,0,0,0,0,0,0,0,1,0,0,0,0,0,0,0,0,0,0,0,0,0,0,0,0,0,0,0,0,0,0,0,1,0,0,0,1,0,0,0,0,0,0,0
1402,عنکبوت,ساسان عباسی,تئاتر,,,ساسان عباسی,,"ساسان عباسی, مائده زنیان نژاد",0,0,0,0,1,0,0,0,0,0,0,0,0,0,0,0,0,0,0,0,0,0,0,0,0,0,0,0,0,0,0,0,0,0,0,0,0,0,0,0,0,0,0
1402,باغ شمرون,سوران قادری,کمدی,2.2,11.0,سوران قادری,,"ساکار قادری, محمدرضا چاپاریان, مهسا امامیان",0,0,0,0,0,0,0,0,0,0,0,0,0,0,0,0,0,0,0,0,0,0,0,0,0,0,0,0,0,0,0,0,0,0,0,0,0,0,0,0,1,0,0
1402,جنگ شیک خند,,جنگ خنده,3.7,12.0,,,"مهیار بریمانی, مهدی ابراهیمی, رضا شیرازی",0,0,0,0,0,0,0,0,0,0,1,0,0,0,0,0,0,0,0,0,0,0,0,0,0,0,0,0,0,0,0,0,0,0,0,0,0,0,0,0,0,0,0
1402,مهدی که به دنیا آمد,حجت بامروت،,مستند,4.0,3.0,شاهد مزجی،,,,0,0,0,0,0,0,0,0,0,0,0,0,0,0,0,0,0,0,0,0,0,0,0,0,0,0,0,0,0,0,1,0,0,0,0,0,0,0,0,0,0,0,0
1402,کله پا,حمیدرضا طوبایی,"موزيکال, کمدی",4.0,119.0,,,"حمیدرضا طوبایی, الهه نیکو, محمد جباری",0,0,0,0,0,0,0,0,0,0,0,0,0,0,0,0,0,0,0,0,0,0,0,0,0,0,0,0,0,0,0,0,0,1,0,0,0,0,0,0,1,0,0
1402,رینارد روباهه,احمد تیموری,کودک,3.0,1.0,,,"میترا شجاعی, پویا یزدان جو, پیمان کلانتری",0,0,0,0,0,0,0,0,0,0,0,0,0,0,0,0,0,0,0,0,0,0,0,0,0,0,0,0,0,0,0,0,0,0,0,0,0,0,0,0,0,1,0
1402,مسابقه ملی نیمه ‌بلند (۸),,مستند,5.0,1.0,,,,0,0,0,0,0,0,0,0,0,0,0,0,0,0,0,0,0,0,0,0,0,0,0,0,0,0,0,0,0,0,1,0,0,0,0,0,0,0,0,0,0,0,0
1402,ناکجا آباد,حمیدرضا جهانگیری,کمدی,2.6,5.0,,,"حمیدرضا جهانگیری, آتش صحرایی, محمدرضا شجاع",0,0,0,0,0,0,0,0,0,0,0,0,0,0,0,0,0,0,0,0,0,0,0,0,0,0,0,0,0,0,0,0,0,0,0,0,0,0,0,0,1,0,0
1402,مارمولک,مهدی شیخی,کمدی,3.8,31.0,مهدی شیخی,,"امیرحسین اسماعیل زاده, مرتضی محمدی, فریدون احمدی",0,0,0,0,0,0,0,0,0,0,0,0,0,0,0,0,0,0,0,0,0,0,0,0,0,0,0,0,0,0,0,0,0,0,0,0,0,0,0,0,1,0,0
1402,دزدان دست و پا چلفتی,مهدی شیخی,کمدی,3.2,19.0,مهدی شیخی,,"امیرحسین اسماعیل زاده, مرتضی محمدی, فریدون احمدی",0,0,0,0,0,0,0,0,0,0,0,0,0,0,0,0,0,0,0,0,0,0,0,0,0,0,0,0,0,0,0,0,0,0,0,0,0,0,0,0,1,0,0
1402,دزد عروسک‌ها,محمدرضا هنرمند,کودک و نوجوان,5.0,5.0,سید ضیا هاشمی,,"اکبر عبدی, مهراوه شریفی نیا, آزیتا حاجیان",0,0,0,0,0,0,0,0,0,0,0,0,0,0,0,0,0,0,0,0,0,0,0,0,0,0,0,0,0,0,0,0,0,0,0,0,0,0,0,0,0,0,1
1402,عددهای نشده,حسین کشفی اصل,تئاتر,4.3,3.0,وحید کریمی,,"عزالدین توفیق, فرید رحمتی, وحید کریمی",0,0,0,0,1,0,0,0,0,0,0,0,0,0,0,0,0,0,0,0,0,0,0,0,0,0,0,0,0,0,0,0,0,0,0,0,0,0,0,0,0,0,0
1402,کمدی موزیکال به‌ خاطر یه‌ کم دلار,شهرام خانپور,کمدی,4.2,386.0,پوریا وزیری,,"مهدی رضایی, شهرام خانپور, داود شمس",0,0,0,0,0,0,0,0,0,0,0,0,0,0,0,0,0,0,0,0,0,0,0,0,0,0,0,0,0,0,0,0,0,0,0,0,0,0,0,0,1,0,0
1402,سفر جادویی,ابوالحسن داوودی,کودک و نوجوان,3.7,3.0,علی‌محمد سعدالدین,,"اکبر عبدی, آزیتا حاجیان, حسین محب اهری",0,0,0,0,0,0,0,0,0,0,0,0,0,0,0,0,0,0,0,0,0,0,0,0,0,0,0,0,0,0,0,0,0,0,0,0,0,0,0,0,0,0,1
1402,زندان به صرف میرزا قاسمی,مهدی شیخی,کمدی,3.0,74.0,مهدی شیخی,,"امیرحسین اسماعیل زاده, مرتضی اسماعیلی, مرتضی محمدی",0,0,0,0,0,0,0,0,0,0,0,0,0,0,0,0,0,0,0,0,0,0,0,0,0,0,0,0,0,0,0,0,0,0,0,0,0,0,0,0,1,0,0
1402,خانه سالمندان بانوان,بهزاد محمدی,کمدی,3.9,1104.0,بهزاد محمدی,,"بهزاد محمدی, اصغر سمسارزاده, علی قدمگاهی",0,0,0,0,0,0,0,0,0,0,0,0,0,0,0,0,0,0,0,0,0,0,0,0,0,0,0,0,0,0,0,0,0,0,0,0,0,0,0,0,1,0,0
1402,باجناق‌‌‌های کله‌ پوک,مهدی شیخی,"موزيکال, کمدی",2.9,48.0,مهدی شیخی,,"امیرحسین اسماعیل زاده, مرتضی محمدی, ایمان نوروزی",0,0,0,0,0,0,0,0,0,0,0,0,0,0,0,0,0,0,0,0,0,0,0,0,0,0,0,0,0,0,0,0,0,1,0,0,0,0,0,0,1,0,0
1402,شوش، مولوی، جردن,مهدی شیخی,کمدی,3.0,49.0,مهدی شیخی,,"امیرحسین اسماعیل زاده, مرتضی محمدی, فریدون احمدی",0,0,0,0,0,0,0,0,0,0,0,0,0,0,0,0,0,0,0,0,0,0,0,0,0,0,0,0,0,0,0,0,0,0,0,0,0,0,0,0,1,0,0
1402,زن سیاهپوش (The woman in black),جیمز واتیکز,"ترسناک, زیرنویس",4.0,2.0,,,"دنیل ردکلیف, کیاران هیندز, جنت مکتیر",0,0,0,0,0,0,0,1,0,0,0,0,0,0,0,0,0,0,0,0,0,1,0,0,0,0,0,0,0,0,0,0,0,0,0,0,0,0,0,0,0,0,0
1402,تاکسی نارنجی,دانیال تفرشی,کمدی,3.9,156.0,,,"دانیال تفرشی, مانی اسکندری, حدیث پارسا",0,0,0,0,0,0,0,0,0,0,0,0,0,0,0,0,0,0,0,0,0,0,0,0,0,0,0,0,0,0,0,0,0,0,0,0,0,0,0,0,1,0,0
1403,مست عشق,حسن فتحی,"تاريخي, درام, عاشقانه",3.9,2913.0,مهران برومند,120298240750.0,"پارسا پیروزفر, شهاب حسینی, حسام منظور",0,0,0,0,0,1,0,0,0,0,0,0,0,0,0,0,1,0,0,0,0,0,0,1,0,0,0,0,0,0,0,0,0,0,0,0,0,0,0,0,0,0,0
1403,ملاقات با جادوگر,جمشید بهرامیان,"درام, کمدی",3.4,580.0,ابوالفضل صفاری,11401007500.0,"مانی حقیقی, امیرمهدی ژوله, هستی مهدوی",0,0,0,0,0,0,0,0,0,0,0,0,0,0,0,0,1,0,0,0,0,0,0,0,0,0,0,0,0,0,0,0,0,0,0,0,0,0,0,0,1,0,0
1403,شهر گربه‌ ها,سیدجواد هاشمی,کودک و نوجوان,3.6,187.0,سیدجواد هاشمی,5156980000.0,"علیرضا خمسه, فرهاد آئیش, یوسف تیموری",0,0,0,0,0,0,0,0,0,0,0,0,0,0,0,0,0,0,0,0,0,0,0,0,0,0,0,0,0,0,0,0,0,0,0,0,0,0,0,0,0,0,1
1403,سرزمین بلک لایت,حمید عالی مقدم,موزيکال,4.4,23.0,علیرام نورایی,,"کیان رحمانی, امیررضا فالح آبادی, امیرحسین باقریان",0,0,0,0,0,0,0,0,0,0,0,0,0,0,0,0,0,0,0,0,0,0,0,0,0,0,0,0,0,0,0,0,0,1,0,0,0,0,0,0,0,0,0
1403,مخمصه,حمیدرضا جهانگیری,کمدی,4.3,898.0,آتش صحرایی,,"حمیدرضا جهانگیری, آتش صحرایی, جمشید عسگری",0,0,0,0,0,0,0,0,0,0,0,0,0,0,0,0,0,0,0,0,0,0,0,0,0,0,0,0,0,0,0,0,0,0,0,0,0,0,0,0,1,0,0
1403,پینوکیو,امیر شیخ جبلی,کودک و نوجوان,3.0,,,,"امیر شیخ جبلی, محسن عمادی, زهرا گرک یراقی",0,0,0,0,0,0,0,0,0,0,0,0,0,0,0,0,0,0,0,0,0,0,0,0,0,0,0,0,0,0,0,0,0,0,0,0,0,0,0,0,0,0,1
1403,سیرک ایران پرتغال,,کمدی,3.2,6.0,,,محمد ریاضتی,0,0,0,0,0,0,0,0,0,0,0,0,0,0,0,0,0,0,0,0,0,0,0,0,0,0,0,0,0,0,0,0,0,0,0,0,0,0,0,0,1,0,0
1403,کدو قلقله زن,سحر پورفرج,کودک و نوجوان,4.3,8.0,,,"محسن بان ور, سعید شاملو, نگین بابایی",0,0,0,0,0,0,0,0,0,0,0,0,0,0,0,0,0,0,0,0,0,0,0,0,0,0,0,0,0,0,0,0,0,0,0,0,0,0,0,0,0,0,1
